Region,State,Num_of_Stations,Data_Date,Road_Type,Milage,Units
Northeast,Connecticut,2,1/1/2023,rural,114,vehicle-miles (millions)
Northeast,Connecticut,2,1/1/2022,rural,103,vehicle-miles (millions)
Northeast,Connecticut,2,12/1/2022,rural,114,vehicle-miles (millions)
Northeast,Connecticut,2,12/1/2021,rural,117,vehicle-miles (millions)
Northeast,Maine,67,1/1/2023,rural,372,vehicle-miles (millions)
Northeast,Maine,67,1/1/2022,rural,348,vehicle-miles (millions)
Northeast,Maine,67,12/1/2022,rural,417,vehicle-miles (millions)
Northeast,Maine,67,12/1/2021,rural,411,vehicle-miles (millions)
Northeast,Massachusetts,14,1/1/2023,rural,113,vehicle-miles (millions)
Northeast,Massachusetts,14,1/1/2022,rural,105,vehicle-miles (millions)
Northeast,Massachusetts,14,12/1/2022,rural,126,vehicle-miles (millions)
Northeast,Massachusetts,14,12/1/2021,rural,124,vehicle-miles (millions)
Northeast,New Hampshire,72,1/1/2023,rural,254,vehicle-miles (millions)
Northeast,New Hampshire,72,1/1/2022,rural,236,vehicle-miles (millions)
Northeast,New Hampshire,72,12/1/2022,rural,265,vehicle-miles (millions)
Northeast,New Hampshire,72,12/1/2021,rural,263,vehicle-miles (millions)
Northeast,New Jersey,4,1/1/2023,rural,232,vehicle-miles (millions)
Northeast,New Jersey,4,1/1/2022,rural,203,vehicle-miles (millions)
Northeast,New Jersey,4,12/1/2022,rural,238,vehicle-miles (millions)
Northeast,New Jersey,4,12/1/2021,rural,243,vehicle-miles (millions)
Northeast,New York,35,1/1/2023,rural,894,vehicle-miles (millions)
Northeast,New York,35,1/1/2022,rural,823,vehicle-miles (millions)
Northeast,New York,35,12/1/2022,rural,950,vehicle-miles (millions)
Northeast,New York,35,12/1/2021,rural,938,vehicle-miles (millions)
Northeast,Pennsylvania,48,1/1/2023,rural,1664,vehicle-miles (millions)
Northeast,Pennsylvania,48,1/1/2022,rural,1541,vehicle-miles (millions)
Northeast,Pennsylvania,48,12/1/2022,rural,1759,vehicle-miles (millions)
Northeast,Pennsylvania,48,12/1/2021,rural,1826,vehicle-miles (millions)
Northeast,Rhode Island,4,1/1/2023,rural,51,vehicle-miles (millions)
Northeast,Rhode Island,4,1/1/2022,rural,45,vehicle-miles (millions)
Northeast,Rhode Island,4,12/1/2022,rural,57,vehicle-miles (millions)
Northeast,Rhode Island,4,12/1/2021,rural,55,vehicle-miles (millions)
Northeast,Vermont,20,1/1/2023,rural,216,vehicle-miles (millions)
Northeast,Vermont,20,1/1/2022,rural,206,vehicle-miles (millions)
Northeast,Vermont,20,12/1/2022,rural,228,vehicle-miles (millions)
Northeast,Vermont,20,12/1/2021,rural,227,vehicle-miles (millions)
South Atlantic,Delaware,2,1/1/2023,rural,130,vehicle-miles (millions)
South Atlantic,Delaware,2,1/1/2022,rural,111,vehicle-miles (millions)
South Atlantic,Delaware,2,12/1/2022,rural,105,vehicle-miles (millions)
South Atlantic,Delaware,2,12/1/2021,rural,107,vehicle-miles (millions)
South Atlantic,District of Columbia,0,1/1/2023,rural,0,vehicle-miles (millions)
South Atlantic,District of Columbia,0,1/1/2022,rural,0,vehicle-miles (millions)
South Atlantic,District of Columbia,0,12/1/2022,rural,0,vehicle-miles (millions)
South Atlantic,District of Columbia,0,12/1/2021,rural,0,vehicle-miles (millions)
South Atlantic,Florida,99,1/1/2023,rural,2257,vehicle-miles (millions)
South Atlantic,Florida,99,1/1/2022,rural,2124,vehicle-miles (millions)
South Atlantic,Florida,99,12/1/2022,rural,2406,vehicle-miles (millions)
South Atlantic,Florida,99,12/1/2021,rural,2381,vehicle-miles (millions)
South Atlantic,Georgia,57,1/1/2023,rural,1584,vehicle-miles (millions)
South Atlantic,Georgia,57,1/1/2022,rural,1512,vehicle-miles (millions)
South Atlantic,Georgia,57,12/1/2022,rural,1687,vehicle-miles (millions)
South Atlantic,Georgia,57,12/1/2021,rural,1714,vehicle-miles (millions)
South Atlantic,Maryland,4,1/1/2023,rural,462,vehicle-miles (millions)
South Atlantic,Maryland,4,1/1/2022,rural,432,vehicle-miles (millions)
South Atlantic,Maryland,4,12/1/2022,rural,518,vehicle-miles (millions)
South Atlantic,Maryland,4,12/1/2021,rural,556,vehicle-miles (millions)
South Atlantic,North Carolina,49,1/1/2023,rural,1702,vehicle-miles (millions)
South Atlantic,North Carolina,49,1/1/2022,rural,1464,vehicle-miles (millions)
South Atlantic,North Carolina,49,12/1/2022,rural,1825,vehicle-miles (millions)
South Atlantic,North Carolina,49,12/1/2021,rural,1836,vehicle-miles (millions)
South Atlantic,South Carolina,55,1/1/2023,rural,1503,vehicle-miles (millions)
South Atlantic,South Carolina,55,1/1/2022,rural,1355,vehicle-miles (millions)
South Atlantic,South Carolina,55,12/1/2022,rural,1532,vehicle-miles (millions)
South Atlantic,South Carolina,55,12/1/2021,rural,1526,vehicle-miles (millions)
South Atlantic,Virginia,324,1/1/2023,rural,1694,vehicle-miles (millions)
South Atlantic,Virginia,324,1/1/2022,rural,1469,vehicle-miles (millions)
South Atlantic,Virginia,324,12/1/2022,rural,1840,vehicle-miles (millions)
South Atlantic,Virginia,324,12/1/2021,rural,1878,vehicle-miles (millions)
South Atlantic,West Virginia,14,1/1/2023,rural,374,vehicle-miles (millions)
South Atlantic,West Virginia,14,1/1/2022,rural,326,vehicle-miles (millions)
South Atlantic,West Virginia,14,12/1/2022,rural,395,vehicle-miles (millions)
South Atlantic,West Virginia,14,12/1/2021,rural,419,vehicle-miles (millions)
North Central,Illinois,29,1/1/2023,rural,1279,vehicle-miles (millions)
North Central,Illinois,29,1/1/2022,rural,1274,vehicle-miles (millions)
North Central,Illinois,29,12/1/2022,rural,1408,vehicle-miles (millions)
North Central,Illinois,29,12/1/2021,rural,1471,vehicle-miles (millions)
North Central,Indiana,25,1/1/2023,rural,1275,vehicle-miles (millions)
North Central,Indiana,25,1/1/2022,rural,1225,vehicle-miles (millions)
North Central,Indiana,25,12/1/2022,rural,1337,vehicle-miles (millions)
North Central,Indiana,25,12/1/2021,rural,1400,vehicle-miles (millions)
North Central,Iowa,82,1/1/2023,rural,1030,vehicle-miles (millions)
North Central,Iowa,82,1/1/2022,rural,989,vehicle-miles (millions)
North Central,Iowa,82,12/1/2022,rural,1099,vehicle-miles (millions)
North Central,Iowa,82,12/1/2021,rural,1139,vehicle-miles (millions)
North Central,Kansas,66,1/1/2023,rural,795,vehicle-miles (millions)
North Central,Kansas,66,1/1/2022,rural,763,vehicle-miles (millions)
North Central,Kansas,66,12/1/2022,rural,840,vehicle-miles (millions)
North Central,Kansas,66,12/1/2021,rural,906,vehicle-miles (millions)
North Central,Michigan,61,1/1/2023,rural,1378,vehicle-miles (millions)
North Central,Michigan,61,1/1/2022,rural,1314,vehicle-miles (millions)
North Central,Michigan,61,12/1/2022,rural,1442,vehicle-miles (millions)
North Central,Michigan,61,12/1/2021,rural,1495,vehicle-miles (millions)
North Central,Minnesota,27,1/1/2023,rural,1136,vehicle-miles (millions)
North Central,Minnesota,27,1/1/2022,rural,1053,vehicle-miles (millions)
North Central,Minnesota,27,12/1/2022,rural,1142,vehicle-miles (millions)
North Central,Minnesota,27,12/1/2021,rural,1216,vehicle-miles (millions)
North Central,Missouri,85,1/1/2023,rural,1485,vehicle-miles (millions)
North Central,Missouri,85,1/1/2022,rural,1447,vehicle-miles (millions)
North Central,Missouri,85,12/1/2022,rural,1648,vehicle-miles (millions)
North Central,Missouri,85,12/1/2021,rural,1706,vehicle-miles (millions)
North Central,Nebraska,31,1/1/2023,rural,574,vehicle-miles (millions)
North Central,Nebraska,31,1/1/2022,rural,610,vehicle-miles (millions)
North Central,Nebraska,31,12/1/2022,rural,649,vehicle-miles (millions)
North Central,Nebraska,31,12/1/2021,rural,698,vehicle-miles (millions)
North Central,North Dakota,0,1/1/2023,rural,284,vehicle-miles (millions)
North Central,North Dakota,0,1/1/2022,rural,271,vehicle-miles (millions)
North Central,North Dakota,0,12/1/2022,rural,280,vehicle-miles (millions)
North Central,North Dakota,0,12/1/2021,rural,309,vehicle-miles (millions)
North Central,Ohio,53,1/1/2023,rural,1451,vehicle-miles (millions)
North Central,Ohio,53,1/1/2022,rural,1360,vehicle-miles (millions)
North Central,Ohio,53,12/1/2022,rural,1531,vehicle-miles (millions)
North Central,Ohio,53,12/1/2021,rural,1568,vehicle-miles (millions)
North Central,South Dakota,37,1/1/2023,rural,336,vehicle-miles (millions)
North Central,South Dakota,37,1/1/2022,rural,345,vehicle-miles (millions)
North Central,South Dakota,37,12/1/2022,rural,341,vehicle-miles (millions)
North Central,South Dakota,37,12/1/2021,rural,386,vehicle-miles (millions)
North Central,Wisconsin,113,1/1/2023,rural,1307,vehicle-miles (millions)
North Central,Wisconsin,113,1/1/2022,rural,1229,vehicle-miles (millions)
North Central,Wisconsin,113,12/1/2022,rural,1373,vehicle-miles (millions)
North Central,Wisconsin,113,12/1/2021,rural,1397,vehicle-miles (millions)
South Gulf,Alabama,70,1/1/2023,rural,1312,vehicle-miles (millions)
South Gulf,Alabama,70,1/1/2022,rural,1244,vehicle-miles (millions)
South Gulf,Alabama,70,12/1/2022,rural,1355,vehicle-miles (millions)
South Gulf,Alabama,70,12/1/2021,rural,1380,vehicle-miles (millions)
South Gulf,Arkansas,7,1/1/2023,rural,943,vehicle-miles (millions)
South Gulf,Arkansas,7,1/1/2022,rural,866,vehicle-miles (millions)
South Gulf,Arkansas,7,12/1/2022,rural,1000,vehicle-miles (millions)
South Gulf,Arkansas,7,12/1/2021,rural,1063,vehicle-miles (millions)
South Gulf,Kentucky,28,1/1/2023,rural,1315,vehicle-miles (millions)
South Gulf,Kentucky,28,1/1/2022,rural,1168,vehicle-miles (millions)
South Gulf,Kentucky,28,12/1/2022,rural,1421,vehicle-miles (millions)
South Gulf,Kentucky,28,12/1/2021,rural,1455,vehicle-miles (millions)
South Gulf,Louisiana,19,1/1/2023,rural,1001,vehicle-miles (millions)
South Gulf,Louisiana,19,1/1/2022,rural,972,vehicle-miles (millions)
South Gulf,Louisiana,19,12/1/2022,rural,1103,vehicle-miles (millions)
South Gulf,Louisiana,19,12/1/2021,rural,1140,vehicle-miles (millions)
South Gulf,Mississippi,51,1/1/2023,rural,1034,vehicle-miles (millions)
South Gulf,Mississippi,51,1/1/2022,rural,1000,vehicle-miles (millions)
South Gulf,Mississippi,51,12/1/2022,rural,1103,vehicle-miles (millions)
South Gulf,Mississippi,51,12/1/2021,rural,1152,vehicle-miles (millions)
South Gulf,Oklahoma,38,1/1/2023,rural,1097,vehicle-miles (millions)
South Gulf,Oklahoma,38,1/1/2022,rural,1088,vehicle-miles (millions)
South Gulf,Oklahoma,38,12/1/2022,rural,1186,vehicle-miles (millions)
South Gulf,Oklahoma,38,12/1/2021,rural,1246,vehicle-miles (millions)
South Gulf,Tennessee,19,1/1/2023,rural,1503,vehicle-miles (millions)
South Gulf,Tennessee,19,1/1/2022,rural,1337,vehicle-miles (millions)
South Gulf,Tennessee,19,12/1/2022,rural,1571,vehicle-miles (millions)
South Gulf,Tennessee,19,12/1/2021,rural,1584,vehicle-miles (millions)
South Gulf,Texas,143,1/1/2023,rural,4843,vehicle-miles (millions)
South Gulf,Texas,143,1/1/2022,rural,4546,vehicle-miles (millions)
South Gulf,Texas,143,12/1/2022,rural,5188,vehicle-miles (millions)
South Gulf,Texas,143,12/1/2021,rural,5223,vehicle-miles (millions)
West,Alaska,32,1/1/2023,rural,82,vehicle-miles (millions)
West,Alaska,32,1/1/2022,rural,77,vehicle-miles (millions)
West,Alaska,32,12/1/2022,rural,81,vehicle-miles (millions)
West,Alaska,32,12/1/2021,rural,85,vehicle-miles (millions)
West,Arizona,78,1/1/2023,rural,1094,vehicle-miles (millions)
West,Arizona,78,1/1/2022,rural,1076,vehicle-miles (millions)
West,Arizona,78,12/1/2022,rural,1239,vehicle-miles (millions)
West,Arizona,78,12/1/2021,rural,1195,vehicle-miles (millions)
West,California,30,1/1/2023,rural,3175,vehicle-miles (millions)
West,California,30,1/1/2022,rural,3248,vehicle-miles (millions)
West,California,30,12/1/2022,rural,3545,vehicle-miles (millions)
West,California,30,12/1/2021,rural,3572,vehicle-miles (millions)
West,Colorado,72,1/1/2023,rural,900,vehicle-miles (millions)
West,Colorado,72,1/1/2022,rural,879,vehicle-miles (millions)
West,Colorado,72,12/1/2022,rural,949,vehicle-miles (millions)
West,Colorado,72,12/1/2021,rural,970,vehicle-miles (millions)
West,Hawaii,13,1/1/2023,rural,79,vehicle-miles (millions)
West,Hawaii,13,1/1/2022,rural,75,vehicle-miles (millions)
West,Hawaii,13,12/1/2022,rural,78,vehicle-miles (millions)
West,Hawaii,13,12/1/2021,rural,77,vehicle-miles (millions)
West,Idaho,122,1/1/2023,rural,498,vehicle-miles (millions)
West,Idaho,122,1/1/2022,rural,486,vehicle-miles (millions)
West,Idaho,122,12/1/2022,rural,500,vehicle-miles (millions)
West,Idaho,122,12/1/2021,rural,527,vehicle-miles (millions)
West,Montana,66,1/1/2023,rural,407,vehicle-miles (millions)
West,Montana,66,1/1/2022,rural,401,vehicle-miles (millions)
West,Montana,66,12/1/2022,rural,399,vehicle-miles (millions)
West,Montana,66,12/1/2021,rural,437,vehicle-miles (millions)
West,Nevada,38,1/1/2023,rural,336,vehicle-miles (millions)
West,Nevada,38,1/1/2022,rural,358,vehicle-miles (millions)
West,Nevada,38,12/1/2022,rural,368,vehicle-miles (millions)
West,Nevada,38,12/1/2021,rural,372,vehicle-miles (millions)
West,New Mexico,11,1/1/2023,rural,785,vehicle-miles (millions)
West,New Mexico,11,1/1/2022,rural,760,vehicle-miles (millions)
West,New Mexico,11,12/1/2022,rural,856,vehicle-miles (millions)
West,New Mexico,11,12/1/2021,rural,864,vehicle-miles (millions)
West,Oregon,99,1/1/2023,rural,746,vehicle-miles (millions)
West,Oregon,99,1/1/2022,rural,738,vehicle-miles (millions)
West,Oregon,99,12/1/2022,rural,733,vehicle-miles (millions)
West,Oregon,99,12/1/2021,rural,761,vehicle-miles (millions)
West,Utah,33,1/1/2023,rural,532,vehicle-miles (millions)
West,Utah,33,1/1/2022,rural,537,vehicle-miles (millions)
West,Utah,33,12/1/2022,rural,541,vehicle-miles (millions)
West,Utah,33,12/1/2021,rural,546,vehicle-miles (millions)
West,Washington,78,1/1/2023,rural,858,vehicle-miles (millions)
West,Washington,78,1/1/2022,rural,789,vehicle-miles (millions)
West,Washington,78,12/1/2022,rural,822,vehicle-miles (millions)
West,Washington,78,12/1/2021,rural,859,vehicle-miles (millions)
West,Wyoming,95,1/1/2023,rural,295,vehicle-miles (millions)
West,Wyoming,95,1/1/2022,rural,323,vehicle-miles (millions)
West,Wyoming,95,12/1/2022,rural,312,vehicle-miles (millions)
West,Wyoming,95,12/1/2021,rural,325,vehicle-miles (millions)
Northeast,Connecticut,11,1/1/2023,urban,1695,vehicle-miles (millions)
Northeast,Connecticut,11,1/1/2022,urban,1549,vehicle-miles (millions)
Northeast,Connecticut,11,12/1/2022,urban,1671,vehicle-miles (millions)
Northeast,Connecticut,11,12/1/2021,urban,1750,vehicle-miles (millions)
Northeast,Maine,22,1/1/2023,urban,224,vehicle-miles (millions)
Northeast,Maine,22,1/1/2022,urban,209,vehicle-miles (millions)
Northeast,Maine,22,12/1/2022,urban,251,vehicle-miles (millions)
Northeast,Maine,22,12/1/2021,urban,245,vehicle-miles (millions)
Northeast,Massachusetts,204,1/1/2023,urban,3516,vehicle-miles (millions)
Northeast,Massachusetts,204,1/1/2022,urban,3240,vehicle-miles (millions)
Northeast,Massachusetts,204,12/1/2022,urban,3791,vehicle-miles (millions)
Northeast,Massachusetts,204,12/1/2021,urban,3799,vehicle-miles (millions)
Northeast,New Hampshire,62,1/1/2023,urban,461,vehicle-miles (millions)
Northeast,New Hampshire,62,1/1/2022,urban,426,vehicle-miles (millions)
Northeast,New Hampshire,62,12/1/2022,urban,484,vehicle-miles (millions)
Northeast,New Hampshire,62,12/1/2021,urban,479,vehicle-miles (millions)
Northeast,New Jersey,61,1/1/2023,urban,4335,vehicle-miles (millions)
Northeast,New Jersey,61,1/1/2022,urban,3782,vehicle-miles (millions)
Northeast,New Jersey,61,12/1/2022,urban,4673,vehicle-miles (millions)
Northeast,New Jersey,61,12/1/2021,urban,4534,vehicle-miles (millions)
Northeast,New York,51,1/1/2023,urban,5143,vehicle-miles (millions)
Northeast,New York,51,1/1/2022,urban,4677,vehicle-miles (millions)
Northeast,New York,51,12/1/2022,urban,5262,vehicle-miles (millions)
Northeast,New York,51,12/1/2021,urban,5293,vehicle-miles (millions)
Northeast,Pennsylvania,38,1/1/2023,urban,4214,vehicle-miles (millions)
Northeast,Pennsylvania,38,1/1/2022,urban,3869,vehicle-miles (millions)
Northeast,Pennsylvania,38,12/1/2022,urban,4399,vehicle-miles (millions)
Northeast,Pennsylvania,38,12/1/2021,urban,4547,vehicle-miles (millions)
Northeast,Rhode Island,26,1/1/2023,urban,432,vehicle-miles (millions)
Northeast,Rhode Island,26,1/1/2022,urban,387,vehicle-miles (millions)
Northeast,Rhode Island,26,12/1/2022,urban,468,vehicle-miles (millions)
Northeast,Rhode Island,26,12/1/2021,urban,464,vehicle-miles (millions)
Northeast,Vermont,12,1/1/2023,urban,110,vehicle-miles (millions)
Northeast,Vermont,12,1/1/2022,urban,101,vehicle-miles (millions)
Northeast,Vermont,12,12/1/2022,urban,113,vehicle-miles (millions)
Northeast,Vermont,12,12/1/2021,urban,116,vehicle-miles (millions)
South Atlantic,Delaware,11,1/1/2023,urban,397,vehicle-miles (millions)
South Atlantic,Delaware,11,1/1/2022,urban,353,vehicle-miles (millions)
South Atlantic,Delaware,11,12/1/2022,urban,413,vehicle-miles (millions)
South Atlantic,Delaware,11,12/1/2021,urban,424,vehicle-miles (millions)
South Atlantic,District of Columbia,0,1/1/2023,urban,153,vehicle-miles (millions)
South Atlantic,District of Columbia,0,1/1/2022,urban,140,vehicle-miles (millions)
South Atlantic,District of Columbia,0,12/1/2022,urban,140,vehicle-miles (millions)
South Atlantic,District of Columbia,0,12/1/2021,urban,144,vehicle-miles (millions)
South Atlantic,Florida,158,1/1/2023,urban,10422,vehicle-miles (millions)
South Atlantic,Florida,158,1/1/2022,urban,9866,vehicle-miles (millions)
South Atlantic,Florida,158,12/1/2022,urban,10380,vehicle-miles (millions)
South Atlantic,Florida,158,12/1/2021,urban,10287,vehicle-miles (millions)
South Atlantic,Georgia,112,1/1/2023,urban,5228,vehicle-miles (millions)
South Atlantic,Georgia,112,1/1/2022,urban,4914,vehicle-miles (millions)
South Atlantic,Georgia,112,12/1/2022,urban,5261,vehicle-miles (millions)
South Atlantic,Georgia,112,12/1/2021,urban,5260,vehicle-miles (millions)
South Atlantic,Maryland,36,1/1/2023,urban,3133,vehicle-miles (millions)
South Atlantic,Maryland,36,1/1/2022,urban,2972,vehicle-miles (millions)
South Atlantic,Maryland,36,12/1/2022,urban,3210,vehicle-miles (millions)
South Atlantic,Maryland,36,12/1/2021,urban,3323,vehicle-miles (millions)
South Atlantic,North Carolina,47,1/1/2023,urban,4430,vehicle-miles (millions)
South Atlantic,North Carolina,47,1/1/2022,urban,3873,vehicle-miles (millions)
South Atlantic,North Carolina,47,12/1/2022,urban,4547,vehicle-miles (millions)
South Atlantic,North Carolina,47,12/1/2021,urban,4666,vehicle-miles (millions)
South Atlantic,South Carolina,44,1/1/2023,urban,2057,vehicle-miles (millions)
South Atlantic,South Carolina,44,1/1/2022,urban,1877,vehicle-miles (millions)
South Atlantic,South Carolina,44,12/1/2022,urban,2079,vehicle-miles (millions)
South Atlantic,South Carolina,44,12/1/2021,urban,2080,vehicle-miles (millions)
South Atlantic,Virginia,361,1/1/2023,urban,3394,vehicle-miles (millions)
South Atlantic,Virginia,361,1/1/2022,urban,2973,vehicle-miles (millions)
South Atlantic,Virginia,361,12/1/2022,urban,3530,vehicle-miles (millions)
South Atlantic,Virginia,361,12/1/2021,urban,3584,vehicle-miles (millions)
South Atlantic,West Virginia,10,1/1/2023,urban,456,vehicle-miles (millions)
South Atlantic,West Virginia,10,1/1/2022,urban,399,vehicle-miles (millions)
South Atlantic,West Virginia,10,12/1/2022,urban,487,vehicle-miles (millions)
South Atlantic,West Virginia,10,12/1/2021,urban,507,vehicle-miles (millions)
North Central,Illinois,48,1/1/2023,urban,4633,vehicle-miles (millions)
North Central,Illinois,48,1/1/2022,urban,4360,vehicle-miles (millions)
North Central,Illinois,48,12/1/2022,urban,4740,vehicle-miles (millions)
North Central,Illinois,48,12/1/2021,urban,4798,vehicle-miles (millions)
North Central,Indiana,42,1/1/2023,urban,2295,vehicle-miles (millions)
North Central,Indiana,42,1/1/2022,urban,2227,vehicle-miles (millions)
North Central,Indiana,42,12/1/2022,urban,2326,vehicle-miles (millions)
North Central,Indiana,42,12/1/2021,urban,2459,vehicle-miles (millions)
North Central,Iowa,30,1/1/2023,urban,736,vehicle-miles (millions)
North Central,Iowa,30,1/1/2022,urban,706,vehicle-miles (millions)
North Central,Iowa,30,12/1/2022,urban,784,vehicle-miles (millions)
North Central,Iowa,30,12/1/2021,urban,809,vehicle-miles (millions)
North Central,Kansas,18,1/1/2023,urban,929,vehicle-miles (millions)
North Central,Kansas,18,1/1/2022,urban,873,vehicle-miles (millions)
North Central,Kansas,18,12/1/2022,urban,949,vehicle-miles (millions)
North Central,Kansas,18,12/1/2021,urban,1003,vehicle-miles (millions)
North Central,Michigan,50,1/1/2023,urban,4190,vehicle-miles (millions)
North Central,Michigan,50,1/1/2022,urban,3906,vehicle-miles (millions)
North Central,Michigan,50,12/1/2022,urban,4362,vehicle-miles (millions)
North Central,Michigan,50,12/1/2021,urban,4427,vehicle-miles (millions)
North Central,Minnesota,16,1/1/2023,urban,1908,vehicle-miles (millions)
North Central,Minnesota,16,1/1/2022,urban,1828,vehicle-miles (millions)
North Central,Minnesota,16,12/1/2022,urban,1848,vehicle-miles (millions)
North Central,Minnesota,16,12/1/2021,urban,1926,vehicle-miles (millions)
North Central,Missouri,63,1/1/2023,urban,2368,vehicle-miles (millions)
North Central,Missouri,63,1/1/2022,urban,2169,vehicle-miles (millions)
North Central,Missouri,63,12/1/2022,urban,2581,vehicle-miles (millions)
North Central,Missouri,63,12/1/2021,urban,2654,vehicle-miles (millions)
North Central,Nebraska,20,1/1/2023,urban,575,vehicle-miles (millions)
North Central,Nebraska,20,1/1/2022,urban,559,vehicle-miles (millions)
North Central,Nebraska,20,12/1/2022,urban,612,vehicle-miles (millions)
North Central,Nebraska,20,12/1/2021,urban,624,vehicle-miles (millions)
North Central,North Dakota,0,1/1/2023,urban,146,vehicle-miles (millions)
North Central,North Dakota,0,1/1/2022,urban,141,vehicle-miles (millions)
North Central,North Dakota,0,12/1/2022,urban,136,vehicle-miles (millions)
North Central,North Dakota,0,12/1/2021,urban,151,vehicle-miles (millions)
North Central,Ohio,99,1/1/2023,urban,4504,vehicle-miles (millions)
North Central,Ohio,99,1/1/2022,urban,4211,vehicle-miles (millions)
North Central,Ohio,99,12/1/2022,urban,4574,vehicle-miles (millions)
North Central,Ohio,99,12/1/2021,urban,4598,vehicle-miles (millions)
North Central,South Dakota,4,1/1/2023,urban,157,vehicle-miles (millions)
North Central,South Dakota,4,1/1/2022,urban,158,vehicle-miles (millions)
North Central,South Dakota,4,12/1/2022,urban,182,vehicle-miles (millions)
North Central,South Dakota,4,12/1/2021,urban,196,vehicle-miles (millions)
North Central,Wisconsin,138,1/1/2023,urban,2063,vehicle-miles (millions)
North Central,Wisconsin,138,1/1/2022,urban,1937,vehicle-miles (millions)
North Central,Wisconsin,138,12/1/2022,urban,2083,vehicle-miles (millions)
North Central,Wisconsin,138,12/1/2021,urban,2126,vehicle-miles (millions)
South Gulf,Alabama,126,1/1/2023,urban,2104,vehicle-miles (millions)
South Gulf,Alabama,126,1/1/2022,urban,1991,vehicle-miles (millions)
South Gulf,Alabama,126,12/1/2022,urban,2160,vehicle-miles (millions)
South Gulf,Alabama,126,12/1/2021,urban,2213,vehicle-miles (millions)
South Gulf,Arkansas,2,1/1/2023,urban,1166,vehicle-miles (millions)
South Gulf,Arkansas,2,1/1/2022,urban,1077,vehicle-miles (millions)
South Gulf,Arkansas,2,12/1/2022,urban,1194,vehicle-miles (millions)
South Gulf,Arkansas,2,12/1/2021,urban,1266,vehicle-miles (millions)
South Gulf,Kentucky,22,1/1/2023,urban,1342,vehicle-miles (millions)
South Gulf,Kentucky,22,1/1/2022,urban,1209,vehicle-miles (millions)
South Gulf,Kentucky,22,12/1/2022,urban,1418,vehicle-miles (millions)
South Gulf,Kentucky,22,12/1/2021,urban,1446,vehicle-miles (millions)
South Gulf,Louisiana,17,1/1/2023,urban,2205,vehicle-miles (millions)
South Gulf,Louisiana,17,1/1/2022,urban,2124,vehicle-miles (millions)
South Gulf,Louisiana,17,12/1/2022,urban,2188,vehicle-miles (millions)
South Gulf,Louisiana,17,12/1/2021,urban,2209,vehicle-miles (millions)
South Gulf,Mississippi,29,1/1/2023,urban,951,vehicle-miles (millions)
South Gulf,Mississippi,29,1/1/2022,urban,916,vehicle-miles (millions)
South Gulf,Mississippi,29,12/1/2022,urban,970,vehicle-miles (millions)
South Gulf,Mississippi,29,12/1/2021,urban,1012,vehicle-miles (millions)
South Gulf,Oklahoma,31,1/1/2023,urban,1496,vehicle-miles (millions)
South Gulf,Oklahoma,31,1/1/2022,urban,1438,vehicle-miles (millions)
South Gulf,Oklahoma,31,12/1/2022,urban,1490,vehicle-miles (millions)
South Gulf,Oklahoma,31,12/1/2021,urban,1528,vehicle-miles (millions)
South Gulf,Tennessee,13,1/1/2023,urban,3111,vehicle-miles (millions)
South Gulf,Tennessee,13,1/1/2022,urban,2970,vehicle-miles (millions)
South Gulf,Tennessee,13,12/1/2022,urban,3406,vehicle-miles (millions)
South Gulf,Tennessee,13,12/1/2021,urban,3569,vehicle-miles (millions)
South Gulf,Texas,77,1/1/2023,urban,13739,vehicle-miles (millions)
South Gulf,Texas,77,1/1/2022,urban,12983,vehicle-miles (millions)
South Gulf,Texas,77,12/1/2022,urban,14038,vehicle-miles (millions)
South Gulf,Texas,77,12/1/2021,urban,14163,vehicle-miles (millions)
West,Alaska,41,1/1/2023,urban,157,vehicle-miles (millions)
West,Alaska,41,1/1/2022,urban,145,vehicle-miles (millions)
West,Alaska,41,12/1/2022,urban,157,vehicle-miles (millions)
West,Alaska,41,12/1/2021,urban,162,vehicle-miles (millions)
West,Arizona,148,1/1/2023,urban,3707,vehicle-miles (millions)
West,Arizona,148,1/1/2022,urban,3517,vehicle-miles (millions)
West,Arizona,148,12/1/2022,urban,3648,vehicle-miles (millions)
West,Arizona,148,12/1/2021,urban,3577,vehicle-miles (millions)
West,California,50,1/1/2023,urban,16428,vehicle-miles (millions)
West,California,50,1/1/2022,urban,16745,vehicle-miles (millions)
West,California,50,12/1/2022,urban,17440,vehicle-miles (millions)
West,California,50,12/1/2021,urban,17575,vehicle-miles (millions)
West,Colorado,39,1/1/2023,urban,2407,vehicle-miles (millions)
West,Colorado,39,1/1/2022,urban,2286,vehicle-miles (millions)
West,Colorado,39,12/1/2022,urban,2453,vehicle-miles (millions)
West,Colorado,39,12/1/2021,urban,2494,vehicle-miles (millions)
West,Hawaii,49,1/1/2023,urban,474,vehicle-miles (millions)
West,Hawaii,49,1/1/2022,urban,446,vehicle-miles (millions)
West,Hawaii,49,12/1/2022,urban,483,vehicle-miles (millions)
West,Hawaii,49,12/1/2021,urban,472,vehicle-miles (millions)
West,Idaho,73,1/1/2023,urban,492,vehicle-miles (millions)
West,Idaho,73,1/1/2022,urban,465,vehicle-miles (millions)
West,Idaho,73,12/1/2022,urban,486,vehicle-miles (millions)
West,Idaho,73,12/1/2021,urban,511,vehicle-miles (millions)
West,Montana,13,1/1/2023,urban,194,vehicle-miles (millions)
West,Montana,13,1/1/2022,urban,186,vehicle-miles (millions)
West,Montana,13,12/1/2022,urban,193,vehicle-miles (millions)
West,Montana,13,12/1/2021,urban,200,vehicle-miles (millions)
West,Nevada,38,1/1/2023,urban,1186,vehicle-miles (millions)
West,Nevada,38,1/1/2022,urban,1157,vehicle-miles (millions)
West,Nevada,38,12/1/2022,urban,1244,vehicle-miles (millions)
West,Nevada,38,12/1/2021,urban,1220,vehicle-miles (millions)
West,New Mexico,8,1/1/2023,urban,726,vehicle-miles (millions)
West,New Mexico,8,1/1/2022,urban,670,vehicle-miles (millions)
West,New Mexico,8,12/1/2022,urban,704,vehicle-miles (millions)
West,New Mexico,8,12/1/2021,urban,740,vehicle-miles (millions)
West,Oregon,41,1/1/2023,urban,1325,vehicle-miles (millions)
West,Oregon,41,1/1/2022,urban,1277,vehicle-miles (millions)
West,Oregon,41,12/1/2022,urban,1283,vehicle-miles (millions)
West,Oregon,41,12/1/2021,urban,1314,vehicle-miles (millions)
West,Utah,70,1/1/2023,urban,1414,vehicle-miles (millions)
West,Utah,70,1/1/2022,urban,1369,vehicle-miles (millions)
West,Utah,70,12/1/2022,urban,1420,vehicle-miles (millions)
West,Utah,70,12/1/2021,urban,1417,vehicle-miles (millions)
West,Washington,95,1/1/2023,urban,2513,vehicle-miles (millions)
West,Washington,95,1/1/2022,urban,2352,vehicle-miles (millions)
West,Washington,95,12/1/2022,urban,2417,vehicle-miles (millions)
West,Washington,95,12/1/2021,urban,2517,vehicle-miles (millions)
West,Wyoming,28,1/1/2023,urban,127,vehicle-miles (millions)
West,Wyoming,28,1/1/2022,urban,130,vehicle-miles (millions)
West,Wyoming,28,12/1/2022,urban,129,vehicle-miles (millions)
West,Wyoming,28,12/1/2021,urban,135,vehicle-miles (millions)
