Region,State,Num_of_Stations,Data_Date,Road_Type,Milage,Units
Northeast,Connecticut,2,10/1/2022,rural,161,vehicle-miles (millions)
Northeast,Connecticut,2,10/1/2021,rural,166,vehicle-miles (millions)
Northeast,Connecticut,2,9/1/2022,rural,156,vehicle-miles (millions)
Northeast,Connecticut,2,9/1/2021,rural,162,vehicle-miles (millions)
Northeast,Maine,69,10/1/2022,rural,520,vehicle-miles (millions)
Northeast,Maine,69,10/1/2021,rural,523,vehicle-miles (millions)
Northeast,Maine,69,9/1/2022,rural,553,vehicle-miles (millions)
Northeast,Maine,69,9/1/2021,rural,552,vehicle-miles (millions)
Northeast,Massachusetts,15,10/1/2022,rural,155,vehicle-miles (millions)
Northeast,Massachusetts,15,10/1/2021,rural,156,vehicle-miles (millions)
Northeast,Massachusetts,15,9/1/2022,rural,154,vehicle-miles (millions)
Northeast,Massachusetts,15,9/1/2021,rural,155,vehicle-miles (millions)
Northeast,New Hampshire,72,10/1/2022,rural,329,vehicle-miles (millions)
Northeast,New Hampshire,72,10/1/2021,rural,326,vehicle-miles (millions)
Northeast,New Hampshire,72,9/1/2022,rural,321,vehicle-miles (millions)
Northeast,New Hampshire,72,9/1/2021,rural,323,vehicle-miles (millions)
Northeast,New Jersey,4,10/1/2022,rural,265,vehicle-miles (millions)
Northeast,New Jersey,4,10/1/2021,rural,271,vehicle-miles (millions)
Northeast,New Jersey,4,9/1/2022,rural,264,vehicle-miles (millions)
Northeast,New Jersey,4,9/1/2021,rural,266,vehicle-miles (millions)
Northeast,New York,46,10/1/2022,rural,1176,vehicle-miles (millions)
Northeast,New York,46,10/1/2021,rural,1169,vehicle-miles (millions)
Northeast,New York,46,9/1/2022,rural,1198,vehicle-miles (millions)
Northeast,New York,46,9/1/2021,rural,1210,vehicle-miles (millions)
Northeast,Pennsylvania,43,10/1/2022,rural,2078,vehicle-miles (millions)
Northeast,Pennsylvania,43,10/1/2021,rural,2115,vehicle-miles (millions)
Northeast,Pennsylvania,43,9/1/2022,rural,2038,vehicle-miles (millions)
Northeast,Pennsylvania,43,9/1/2021,rural,2052,vehicle-miles (millions)
Northeast,Rhode Island,5,10/1/2022,rural,68,vehicle-miles (millions)
Northeast,Rhode Island,5,10/1/2021,rural,70,vehicle-miles (millions)
Northeast,Rhode Island,5,9/1/2022,rural,69,vehicle-miles (millions)
Northeast,Rhode Island,5,9/1/2021,rural,69,vehicle-miles (millions)
Northeast,Vermont,0,10/1/2022,rural,252,vehicle-miles (millions)
Northeast,Vermont,0,10/1/2021,rural,257,vehicle-miles (millions)
Northeast,Vermont,0,9/1/2022,rural,254,vehicle-miles (millions)
Northeast,Vermont,0,9/1/2021,rural,251,vehicle-miles (millions)
South Atlantic,Delaware,3,10/1/2022,rural,99,vehicle-miles (millions)
South Atlantic,Delaware,3,10/1/2021,rural,101,vehicle-miles (millions)
South Atlantic,Delaware,3,9/1/2022,rural,108,vehicle-miles (millions)
South Atlantic,Delaware,3,9/1/2021,rural,109,vehicle-miles (millions)
South Atlantic,District of Columbia,0,10/1/2022,rural,0,vehicle-miles (millions)
South Atlantic,District of Columbia,0,10/1/2021,rural,0,vehicle-miles (millions)
South Atlantic,District of Columbia,0,9/1/2022,rural,0,vehicle-miles (millions)
South Atlantic,District of Columbia,0,9/1/2021,rural,0,vehicle-miles (millions)
South Atlantic,Florida,99,10/1/2022,rural,2519,vehicle-miles (millions)
South Atlantic,Florida,99,10/1/2021,rural,2423,vehicle-miles (millions)
South Atlantic,Florida,99,9/1/2022,rural,2253,vehicle-miles (millions)
South Atlantic,Florida,99,9/1/2021,rural,2179,vehicle-miles (millions)
South Atlantic,Georgia,57,10/1/2022,rural,1894,vehicle-miles (millions)
South Atlantic,Georgia,57,10/1/2021,rural,1880,vehicle-miles (millions)
South Atlantic,Georgia,57,9/1/2022,rural,1774,vehicle-miles (millions)
South Atlantic,Georgia,57,9/1/2021,rural,1737,vehicle-miles (millions)
South Atlantic,Maryland,4,10/1/2022,rural,544,vehicle-miles (millions)
South Atlantic,Maryland,4,10/1/2021,rural,558,vehicle-miles (millions)
South Atlantic,Maryland,4,9/1/2022,rural,547,vehicle-miles (millions)
South Atlantic,Maryland,4,9/1/2021,rural,550,vehicle-miles (millions)
South Atlantic,North Carolina,46,10/1/2022,rural,1945,vehicle-miles (millions)
South Atlantic,North Carolina,46,10/1/2021,rural,1980,vehicle-miles (millions)
South Atlantic,North Carolina,46,9/1/2022,rural,1878,vehicle-miles (millions)
South Atlantic,North Carolina,46,9/1/2021,rural,1887,vehicle-miles (millions)
South Atlantic,South Carolina,56,10/1/2022,rural,1648,vehicle-miles (millions)
South Atlantic,South Carolina,56,10/1/2021,rural,1621,vehicle-miles (millions)
South Atlantic,South Carolina,56,9/1/2022,rural,1539,vehicle-miles (millions)
South Atlantic,South Carolina,56,9/1/2021,rural,1511,vehicle-miles (millions)
South Atlantic,Virginia,323,10/1/2022,rural,1932,vehicle-miles (millions)
South Atlantic,Virginia,323,10/1/2021,rural,1954,vehicle-miles (millions)
South Atlantic,Virginia,323,9/1/2022,rural,1900,vehicle-miles (millions)
South Atlantic,Virginia,323,9/1/2021,rural,1880,vehicle-miles (millions)
South Atlantic,West Virginia,17,10/1/2022,rural,485,vehicle-miles (millions)
South Atlantic,West Virginia,17,10/1/2021,rural,485,vehicle-miles (millions)
South Atlantic,West Virginia,17,9/1/2022,rural,483,vehicle-miles (millions)
South Atlantic,West Virginia,17,9/1/2021,rural,485,vehicle-miles (millions)
North Central,Illinois,33,10/1/2022,rural,1612,vehicle-miles (millions)
North Central,Illinois,33,10/1/2021,rural,1594,vehicle-miles (millions)
North Central,Illinois,33,9/1/2022,rural,1512,vehicle-miles (millions)
North Central,Illinois,33,9/1/2021,rural,1510,vehicle-miles (millions)
North Central,Indiana,24,10/1/2022,rural,1609,vehicle-miles (millions)
North Central,Indiana,24,10/1/2021,rural,1577,vehicle-miles (millions)
North Central,Indiana,24,9/1/2022,rural,1517,vehicle-miles (millions)
North Central,Indiana,24,9/1/2021,rural,1518,vehicle-miles (millions)
North Central,Iowa,80,10/1/2022,rural,1249,vehicle-miles (millions)
North Central,Iowa,80,10/1/2021,rural,1260,vehicle-miles (millions)
North Central,Iowa,80,9/1/2022,rural,1251,vehicle-miles (millions)
North Central,Iowa,80,9/1/2021,rural,1252,vehicle-miles (millions)
North Central,Kansas,63,10/1/2022,rural,946,vehicle-miles (millions)
North Central,Kansas,63,10/1/2021,rural,968,vehicle-miles (millions)
North Central,Kansas,63,9/1/2022,rural,917,vehicle-miles (millions)
North Central,Kansas,63,9/1/2021,rural,952,vehicle-miles (millions)
North Central,Michigan,60,10/1/2022,rural,1737,vehicle-miles (millions)
North Central,Michigan,60,10/1/2021,rural,1763,vehicle-miles (millions)
North Central,Michigan,60,9/1/2022,rural,1754,vehicle-miles (millions)
North Central,Michigan,60,9/1/2021,rural,1756,vehicle-miles (millions)
North Central,Minnesota,30,10/1/2022,rural,1507,vehicle-miles (millions)
North Central,Minnesota,30,10/1/2021,rural,1478,vehicle-miles (millions)
North Central,Minnesota,30,9/1/2022,rural,1598,vehicle-miles (millions)
North Central,Minnesota,30,9/1/2021,rural,1542,vehicle-miles (millions)
North Central,Missouri,84,10/1/2022,rural,1768,vehicle-miles (millions)
North Central,Missouri,84,10/1/2021,rural,1779,vehicle-miles (millions)
North Central,Missouri,84,9/1/2022,rural,1718,vehicle-miles (millions)
North Central,Missouri,84,9/1/2021,rural,1706,vehicle-miles (millions)
North Central,Nebraska,9,10/1/2022,rural,759,vehicle-miles (millions)
North Central,Nebraska,9,10/1/2021,rural,803,vehicle-miles (millions)
North Central,Nebraska,9,9/1/2022,rural,776,vehicle-miles (millions)
North Central,Nebraska,9,9/1/2021,rural,807,vehicle-miles (millions)
North Central,North Dakota,50,10/1/2022,rural,388,vehicle-miles (millions)
North Central,North Dakota,50,10/1/2021,rural,375,vehicle-miles (millions)
North Central,North Dakota,50,9/1/2022,rural,388,vehicle-miles (millions)
North Central,North Dakota,50,9/1/2021,rural,377,vehicle-miles (millions)
North Central,Ohio,53,10/1/2022,rural,1740,vehicle-miles (millions)
North Central,Ohio,53,10/1/2021,rural,1741,vehicle-miles (millions)
North Central,Ohio,53,9/1/2022,rural,1699,vehicle-miles (millions)
North Central,Ohio,53,9/1/2021,rural,1688,vehicle-miles (millions)
North Central,South Dakota,34,10/1/2022,rural,512,vehicle-miles (millions)
North Central,South Dakota,34,10/1/2021,rural,523,vehicle-miles (millions)
North Central,South Dakota,34,9/1/2022,rural,521,vehicle-miles (millions)
North Central,South Dakota,34,9/1/2021,rural,540,vehicle-miles (millions)
North Central,Wisconsin,115,10/1/2022,rural,1627,vehicle-miles (millions)
North Central,Wisconsin,115,10/1/2021,rural,1628,vehicle-miles (millions)
North Central,Wisconsin,115,9/1/2022,rural,1647,vehicle-miles (millions)
North Central,Wisconsin,115,9/1/2021,rural,1649,vehicle-miles (millions)
South Gulf,Alabama,71,10/1/2022,rural,1536,vehicle-miles (millions)
South Gulf,Alabama,71,10/1/2021,rural,1545,vehicle-miles (millions)
South Gulf,Alabama,71,9/1/2022,rural,1499,vehicle-miles (millions)
South Gulf,Alabama,71,9/1/2021,rural,1482,vehicle-miles (millions)
South Gulf,Arkansas,10,10/1/2022,rural,998,vehicle-miles (millions)
South Gulf,Arkansas,10,10/1/2021,rural,968,vehicle-miles (millions)
South Gulf,Arkansas,10,9/1/2022,rural,913,vehicle-miles (millions)
South Gulf,Arkansas,10,9/1/2021,rural,919,vehicle-miles (millions)
South Gulf,Kentucky,28,10/1/2022,rural,1621,vehicle-miles (millions)
South Gulf,Kentucky,28,10/1/2021,rural,1601,vehicle-miles (millions)
South Gulf,Kentucky,28,9/1/2022,rural,1575,vehicle-miles (millions)
South Gulf,Kentucky,28,9/1/2021,rural,1535,vehicle-miles (millions)
South Gulf,Louisiana,18,10/1/2022,rural,1064,vehicle-miles (millions)
South Gulf,Louisiana,18,10/1/2021,rural,1100,vehicle-miles (millions)
South Gulf,Louisiana,18,9/1/2022,rural,1057,vehicle-miles (millions)
South Gulf,Louisiana,18,9/1/2021,rural,1130,vehicle-miles (millions)
South Gulf,Mississippi,52,10/1/2022,rural,1278,vehicle-miles (millions)
South Gulf,Mississippi,52,10/1/2021,rural,1315,vehicle-miles (millions)
South Gulf,Mississippi,52,9/1/2022,rural,1224,vehicle-miles (millions)
South Gulf,Mississippi,52,9/1/2021,rural,1253,vehicle-miles (millions)
South Gulf,Oklahoma,39,10/1/2022,rural,1261,vehicle-miles (millions)
South Gulf,Oklahoma,39,10/1/2021,rural,1277,vehicle-miles (millions)
South Gulf,Oklahoma,39,9/1/2022,rural,1224,vehicle-miles (millions)
South Gulf,Oklahoma,39,9/1/2021,rural,1210,vehicle-miles (millions)
South Gulf,Tennessee,39,10/1/2022,rural,1745,vehicle-miles (millions)
South Gulf,Tennessee,39,10/1/2021,rural,1737,vehicle-miles (millions)
South Gulf,Tennessee,39,9/1/2022,rural,1665,vehicle-miles (millions)
South Gulf,Tennessee,39,9/1/2021,rural,1598,vehicle-miles (millions)
South Gulf,Texas,144,10/1/2022,rural,5309,vehicle-miles (millions)
South Gulf,Texas,144,10/1/2021,rural,5314,vehicle-miles (millions)
South Gulf,Texas,144,9/1/2022,rural,5082,vehicle-miles (millions)
South Gulf,Texas,144,9/1/2021,rural,4970,vehicle-miles (millions)
West,Alaska,34,10/1/2022,rural,95,vehicle-miles (millions)
West,Alaska,34,10/1/2021,rural,95,vehicle-miles (millions)
West,Alaska,34,9/1/2022,rural,114,vehicle-miles (millions)
West,Alaska,34,9/1/2021,rural,113,vehicle-miles (millions)
West,Arizona,76,10/1/2022,rural,1283,vehicle-miles (millions)
West,Arizona,76,10/1/2021,rural,1206,vehicle-miles (millions)
West,Arizona,76,9/1/2022,rural,1208,vehicle-miles (millions)
West,Arizona,76,9/1/2021,rural,1183,vehicle-miles (millions)
West,California,32,10/1/2022,rural,3847,vehicle-miles (millions)
West,California,32,10/1/2021,rural,3998,vehicle-miles (millions)
West,California,32,9/1/2022,rural,3849,vehicle-miles (millions)
West,California,32,9/1/2021,rural,3880,vehicle-miles (millions)
West,Colorado,71,10/1/2022,rural,1104,vehicle-miles (millions)
West,Colorado,71,10/1/2021,rural,1106,vehicle-miles (millions)
West,Colorado,71,9/1/2022,rural,1139,vehicle-miles (millions)
West,Colorado,71,9/1/2021,rural,1138,vehicle-miles (millions)
West,Hawaii,13,10/1/2022,rural,75,vehicle-miles (millions)
West,Hawaii,13,10/1/2021,rural,73,vehicle-miles (millions)
West,Hawaii,13,9/1/2022,rural,68,vehicle-miles (millions)
West,Hawaii,13,9/1/2021,rural,65,vehicle-miles (millions)
West,Idaho,119,10/1/2022,rural,629,vehicle-miles (millions)
West,Idaho,119,10/1/2021,rural,628,vehicle-miles (millions)
West,Idaho,119,9/1/2022,rural,645,vehicle-miles (millions)
West,Idaho,119,9/1/2021,rural,640,vehicle-miles (millions)
West,Montana,64,10/1/2022,rural,591,vehicle-miles (millions)
West,Montana,64,10/1/2021,rural,587,vehicle-miles (millions)
West,Montana,64,9/1/2022,rural,665,vehicle-miles (millions)
West,Montana,64,9/1/2021,rural,663,vehicle-miles (millions)
West,Nevada,39,10/1/2022,rural,415,vehicle-miles (millions)
West,Nevada,39,10/1/2021,rural,411,vehicle-miles (millions)
West,Nevada,39,9/1/2022,rural,402,vehicle-miles (millions)
West,Nevada,39,9/1/2021,rural,396,vehicle-miles (millions)
West,New Mexico,12,10/1/2022,rural,900,vehicle-miles (millions)
West,New Mexico,12,10/1/2021,rural,946,vehicle-miles (millions)
West,New Mexico,12,9/1/2022,rural,883,vehicle-miles (millions)
West,New Mexico,12,9/1/2021,rural,894,vehicle-miles (millions)
West,Oregon,93,10/1/2022,rural,883,vehicle-miles (millions)
West,Oregon,93,10/1/2021,rural,887,vehicle-miles (millions)
West,Oregon,93,9/1/2022,rural,924,vehicle-miles (millions)
West,Oregon,93,9/1/2021,rural,920,vehicle-miles (millions)
West,Utah,34,10/1/2022,rural,596,vehicle-miles (millions)
West,Utah,34,10/1/2021,rural,582,vehicle-miles (millions)
West,Utah,34,9/1/2022,rural,627,vehicle-miles (millions)
West,Utah,34,9/1/2021,rural,627,vehicle-miles (millions)
West,Washington,73,10/1/2022,rural,1031,vehicle-miles (millions)
West,Washington,73,10/1/2021,rural,1016,vehicle-miles (millions)
West,Washington,73,9/1/2022,rural,1079,vehicle-miles (millions)
West,Washington,73,9/1/2021,rural,1047,vehicle-miles (millions)
West,Wyoming,96,10/1/2022,rural,432,vehicle-miles (millions)
West,Wyoming,96,10/1/2021,rural,428,vehicle-miles (millions)
West,Wyoming,96,9/1/2022,rural,495,vehicle-miles (millions)
West,Wyoming,96,9/1/2021,rural,508,vehicle-miles (millions)
Northeast,Connecticut,15,10/1/2022,urban,2259,vehicle-miles (millions)
Northeast,Connecticut,15,10/1/2021,urban,2289,vehicle-miles (millions)
Northeast,Connecticut,15,9/1/2022,urban,2157,vehicle-miles (millions)
Northeast,Connecticut,15,9/1/2021,urban,2206,vehicle-miles (millions)
Northeast,Maine,20,10/1/2022,urban,266,vehicle-miles (millions)
Northeast,Maine,20,10/1/2021,urban,265,vehicle-miles (millions)
Northeast,Maine,20,9/1/2022,urban,268,vehicle-miles (millions)
Northeast,Maine,20,9/1/2021,urban,265,vehicle-miles (millions)
Northeast,Massachusetts,207,10/1/2022,urban,4053,vehicle-miles (millions)
Northeast,Massachusetts,207,10/1/2021,urban,4079,vehicle-miles (millions)
Northeast,Massachusetts,207,9/1/2022,urban,3932,vehicle-miles (millions)
Northeast,Massachusetts,207,9/1/2021,urban,3955,vehicle-miles (millions)
Northeast,New Hampshire,67,10/1/2022,urban,557,vehicle-miles (millions)
Northeast,New Hampshire,67,10/1/2021,urban,558,vehicle-miles (millions)
Northeast,New Hampshire,67,9/1/2022,urban,549,vehicle-miles (millions)
Northeast,New Hampshire,67,9/1/2021,urban,551,vehicle-miles (millions)
Northeast,New Jersey,51,10/1/2022,urban,4924,vehicle-miles (millions)
Northeast,New Jersey,51,10/1/2021,urban,4978,vehicle-miles (millions)
Northeast,New Jersey,51,9/1/2022,urban,4773,vehicle-miles (millions)
Northeast,New Jersey,51,9/1/2021,urban,4773,vehicle-miles (millions)
Northeast,New York,61,10/1/2022,urban,5991,vehicle-miles (millions)
Northeast,New York,61,10/1/2021,urban,6093,vehicle-miles (millions)
Northeast,New York,61,9/1/2022,urban,5918,vehicle-miles (millions)
Northeast,New York,61,9/1/2021,urban,5919,vehicle-miles (millions)
Northeast,Pennsylvania,36,10/1/2022,urban,4285,vehicle-miles (millions)
Northeast,Pennsylvania,36,10/1/2021,urban,4355,vehicle-miles (millions)
Northeast,Pennsylvania,36,9/1/2022,urban,4089,vehicle-miles (millions)
Northeast,Pennsylvania,36,9/1/2021,urban,4094,vehicle-miles (millions)
Northeast,Rhode Island,25,10/1/2022,urban,524,vehicle-miles (millions)
Northeast,Rhode Island,25,10/1/2021,urban,528,vehicle-miles (millions)
Northeast,Rhode Island,25,9/1/2022,urban,574,vehicle-miles (millions)
Northeast,Rhode Island,25,9/1/2021,urban,545,vehicle-miles (millions)
Northeast,Vermont,0,10/1/2022,urban,124,vehicle-miles (millions)
Northeast,Vermont,0,10/1/2021,urban,127,vehicle-miles (millions)
Northeast,Vermont,0,9/1/2022,urban,118,vehicle-miles (millions)
Northeast,Vermont,0,9/1/2021,urban,120,vehicle-miles (millions)
South Atlantic,Delaware,11,10/1/2022,urban,431,vehicle-miles (millions)
South Atlantic,Delaware,11,10/1/2021,urban,438,vehicle-miles (millions)
South Atlantic,Delaware,11,9/1/2022,urban,421,vehicle-miles (millions)
South Atlantic,Delaware,11,9/1/2021,urban,435,vehicle-miles (millions)
South Atlantic,District of Columbia,2,10/1/2022,urban,182,vehicle-miles (millions)
South Atlantic,District of Columbia,2,10/1/2021,urban,194,vehicle-miles (millions)
South Atlantic,District of Columbia,2,9/1/2022,urban,179,vehicle-miles (millions)
South Atlantic,District of Columbia,2,9/1/2021,urban,193,vehicle-miles (millions)
South Atlantic,Florida,163,10/1/2022,urban,11416,vehicle-miles (millions)
South Atlantic,Florida,163,10/1/2021,urban,11206,vehicle-miles (millions)
South Atlantic,Florida,163,9/1/2022,urban,10361,vehicle-miles (millions)
South Atlantic,Florida,163,9/1/2021,urban,10490,vehicle-miles (millions)
South Atlantic,Georgia,111,10/1/2022,urban,5902,vehicle-miles (millions)
South Atlantic,Georgia,111,10/1/2021,urban,5848,vehicle-miles (millions)
South Atlantic,Georgia,111,9/1/2022,urban,5702,vehicle-miles (millions)
South Atlantic,Georgia,111,9/1/2021,urban,5594,vehicle-miles (millions)
South Atlantic,Maryland,36,10/1/2022,urban,3275,vehicle-miles (millions)
South Atlantic,Maryland,36,10/1/2021,urban,3337,vehicle-miles (millions)
South Atlantic,Maryland,36,9/1/2022,urban,3249,vehicle-miles (millions)
South Atlantic,Maryland,36,9/1/2021,urban,3220,vehicle-miles (millions)
South Atlantic,North Carolina,44,10/1/2022,urban,5039,vehicle-miles (millions)
South Atlantic,North Carolina,44,10/1/2021,urban,5178,vehicle-miles (millions)
South Atlantic,North Carolina,44,9/1/2022,urban,4701,vehicle-miles (millions)
South Atlantic,North Carolina,44,9/1/2021,urban,4760,vehicle-miles (millions)
South Atlantic,South Carolina,46,10/1/2022,urban,2258,vehicle-miles (millions)
South Atlantic,South Carolina,46,10/1/2021,urban,2256,vehicle-miles (millions)
South Atlantic,South Carolina,46,9/1/2022,urban,2140,vehicle-miles (millions)
South Atlantic,South Carolina,46,9/1/2021,urban,2147,vehicle-miles (millions)
South Atlantic,Virginia,359,10/1/2022,urban,3952,vehicle-miles (millions)
South Atlantic,Virginia,359,10/1/2021,urban,3998,vehicle-miles (millions)
South Atlantic,Virginia,359,9/1/2022,urban,3860,vehicle-miles (millions)
South Atlantic,Virginia,359,9/1/2021,urban,3822,vehicle-miles (millions)
South Atlantic,West Virginia,12,10/1/2022,urban,589,vehicle-miles (millions)
South Atlantic,West Virginia,12,10/1/2021,urban,589,vehicle-miles (millions)
South Atlantic,West Virginia,12,9/1/2022,urban,587,vehicle-miles (millions)
South Atlantic,West Virginia,12,9/1/2021,urban,587,vehicle-miles (millions)
North Central,Illinois,51,10/1/2022,urban,5123,vehicle-miles (millions)
North Central,Illinois,51,10/1/2021,urban,5027,vehicle-miles (millions)
North Central,Illinois,51,9/1/2022,urban,4878,vehicle-miles (millions)
North Central,Illinois,51,9/1/2021,urban,4790,vehicle-miles (millions)
North Central,Indiana,38,10/1/2022,urban,2600,vehicle-miles (millions)
North Central,Indiana,38,10/1/2021,urban,2693,vehicle-miles (millions)
North Central,Indiana,38,9/1/2022,urban,2704,vehicle-miles (millions)
North Central,Indiana,38,9/1/2021,urban,2733,vehicle-miles (millions)
North Central,Iowa,31,10/1/2022,urban,901,vehicle-miles (millions)
North Central,Iowa,31,10/1/2021,urban,887,vehicle-miles (millions)
North Central,Iowa,31,9/1/2022,urban,917,vehicle-miles (millions)
North Central,Iowa,31,9/1/2021,urban,914,vehicle-miles (millions)
North Central,Kansas,17,10/1/2022,urban,946,vehicle-miles (millions)
North Central,Kansas,17,10/1/2021,urban,956,vehicle-miles (millions)
North Central,Kansas,17,9/1/2022,urban,929,vehicle-miles (millions)
North Central,Kansas,17,9/1/2021,urban,924,vehicle-miles (millions)
North Central,Michigan,48,10/1/2022,urban,4871,vehicle-miles (millions)
North Central,Michigan,48,10/1/2021,urban,4812,vehicle-miles (millions)
North Central,Michigan,48,9/1/2022,urban,4770,vehicle-miles (millions)
North Central,Michigan,48,9/1/2021,urban,4753,vehicle-miles (millions)
North Central,Minnesota,13,10/1/2022,urban,2155,vehicle-miles (millions)
North Central,Minnesota,13,10/1/2021,urban,2245,vehicle-miles (millions)
North Central,Minnesota,13,9/1/2022,urban,2155,vehicle-miles (millions)
North Central,Minnesota,13,9/1/2021,urban,2149,vehicle-miles (millions)
North Central,Missouri,63,10/1/2022,urban,2847,vehicle-miles (millions)
North Central,Missouri,63,10/1/2021,urban,2837,vehicle-miles (millions)
North Central,Missouri,63,9/1/2022,urban,2779,vehicle-miles (millions)
North Central,Missouri,63,9/1/2021,urban,2754,vehicle-miles (millions)
North Central,Nebraska,12,10/1/2022,urban,651,vehicle-miles (millions)
North Central,Nebraska,12,10/1/2021,urban,658,vehicle-miles (millions)
North Central,Nebraska,12,9/1/2022,urban,639,vehicle-miles (millions)
North Central,Nebraska,12,9/1/2021,urban,643,vehicle-miles (millions)
North Central,North Dakota,9,10/1/2022,urban,187,vehicle-miles (millions)
North Central,North Dakota,9,10/1/2021,urban,191,vehicle-miles (millions)
North Central,North Dakota,9,9/1/2022,urban,183,vehicle-miles (millions)
North Central,North Dakota,9,9/1/2021,urban,189,vehicle-miles (millions)
North Central,Ohio,96,10/1/2022,urban,5021,vehicle-miles (millions)
North Central,Ohio,96,10/1/2021,urban,4945,vehicle-miles (millions)
North Central,Ohio,96,9/1/2022,urban,4931,vehicle-miles (millions)
North Central,Ohio,96,9/1/2021,urban,4870,vehicle-miles (millions)
North Central,South Dakota,4,10/1/2022,urban,235,vehicle-miles (millions)
North Central,South Dakota,4,10/1/2021,urban,241,vehicle-miles (millions)
North Central,South Dakota,4,9/1/2022,urban,236,vehicle-miles (millions)
North Central,South Dakota,4,9/1/2021,urban,244,vehicle-miles (millions)
North Central,Wisconsin,136,10/1/2022,urban,2329,vehicle-miles (millions)
North Central,Wisconsin,136,10/1/2021,urban,2313,vehicle-miles (millions)
North Central,Wisconsin,136,9/1/2022,urban,2297,vehicle-miles (millions)
North Central,Wisconsin,136,9/1/2021,urban,2297,vehicle-miles (millions)
South Gulf,Alabama,116,10/1/2022,urban,2349,vehicle-miles (millions)
South Gulf,Alabama,116,10/1/2021,urban,2403,vehicle-miles (millions)
South Gulf,Alabama,116,9/1/2022,urban,2293,vehicle-miles (millions)
South Gulf,Alabama,116,9/1/2021,urban,2286,vehicle-miles (millions)
South Gulf,Arkansas,3,10/1/2022,urban,1247,vehicle-miles (millions)
South Gulf,Arkansas,3,10/1/2021,urban,1239,vehicle-miles (millions)
South Gulf,Arkansas,3,9/1/2022,urban,1221,vehicle-miles (millions)
South Gulf,Arkansas,3,9/1/2021,urban,1238,vehicle-miles (millions)
South Gulf,Kentucky,22,10/1/2022,urban,1679,vehicle-miles (millions)
South Gulf,Kentucky,22,10/1/2021,urban,1651,vehicle-miles (millions)
South Gulf,Kentucky,22,9/1/2022,urban,1635,vehicle-miles (millions)
South Gulf,Kentucky,22,9/1/2021,urban,1573,vehicle-miles (millions)
South Gulf,Louisiana,13,10/1/2022,urban,2087,vehicle-miles (millions)
South Gulf,Louisiana,13,10/1/2021,urban,2103,vehicle-miles (millions)
South Gulf,Louisiana,13,9/1/2022,urban,2079,vehicle-miles (millions)
South Gulf,Louisiana,13,9/1/2021,urban,1993,vehicle-miles (millions)
South Gulf,Mississippi,27,10/1/2022,urban,1116,vehicle-miles (millions)
South Gulf,Mississippi,27,10/1/2021,urban,1130,vehicle-miles (millions)
South Gulf,Mississippi,27,9/1/2022,urban,1091,vehicle-miles (millions)
South Gulf,Mississippi,27,9/1/2021,urban,1088,vehicle-miles (millions)
South Gulf,Oklahoma,34,10/1/2022,urban,1614,vehicle-miles (millions)
South Gulf,Oklahoma,34,10/1/2021,urban,1643,vehicle-miles (millions)
South Gulf,Oklahoma,34,9/1/2022,urban,1610,vehicle-miles (millions)
South Gulf,Oklahoma,34,9/1/2021,urban,1609,vehicle-miles (millions)
South Gulf,Tennessee,26,10/1/2022,urban,3516,vehicle-miles (millions)
South Gulf,Tennessee,26,10/1/2021,urban,3514,vehicle-miles (millions)
South Gulf,Tennessee,26,9/1/2022,urban,3559,vehicle-miles (millions)
South Gulf,Tennessee,26,9/1/2021,urban,3455,vehicle-miles (millions)
South Gulf,Texas,77,10/1/2022,urban,14994,vehicle-miles (millions)
South Gulf,Texas,77,10/1/2021,urban,14754,vehicle-miles (millions)
South Gulf,Texas,77,9/1/2022,urban,14363,vehicle-miles (millions)
South Gulf,Texas,77,9/1/2021,urban,13977,vehicle-miles (millions)
West,Alaska,47,10/1/2022,urban,188,vehicle-miles (millions)
West,Alaska,47,10/1/2021,urban,186,vehicle-miles (millions)
West,Alaska,47,9/1/2022,urban,194,vehicle-miles (millions)
West,Alaska,47,9/1/2021,urban,193,vehicle-miles (millions)
West,Arizona,91,10/1/2022,urban,3663,vehicle-miles (millions)
West,Arizona,91,10/1/2021,urban,3612,vehicle-miles (millions)
West,Arizona,91,9/1/2022,urban,3534,vehicle-miles (millions)
West,Arizona,91,9/1/2021,urban,3468,vehicle-miles (millions)
West,California,31,10/1/2022,urban,20571,vehicle-miles (millions)
West,California,31,10/1/2021,urban,20073,vehicle-miles (millions)
West,California,31,9/1/2022,urban,20443,vehicle-miles (millions)
West,California,31,9/1/2021,urban,20184,vehicle-miles (millions)
West,Colorado,39,10/1/2022,urban,2736,vehicle-miles (millions)
West,Colorado,39,10/1/2021,urban,2729,vehicle-miles (millions)
West,Colorado,39,9/1/2022,urban,2746,vehicle-miles (millions)
West,Colorado,39,9/1/2021,urban,2713,vehicle-miles (millions)
West,Hawaii,49,10/1/2022,urban,493,vehicle-miles (millions)
West,Hawaii,49,10/1/2021,urban,477,vehicle-miles (millions)
West,Hawaii,49,9/1/2022,urban,468,vehicle-miles (millions)
West,Hawaii,49,9/1/2021,urban,441,vehicle-miles (millions)
West,Idaho,73,10/1/2022,urban,549,vehicle-miles (millions)
West,Idaho,73,10/1/2021,urban,533,vehicle-miles (millions)
West,Idaho,73,9/1/2022,urban,542,vehicle-miles (millions)
West,Idaho,73,9/1/2021,urban,525,vehicle-miles (millions)
West,Montana,12,10/1/2022,urban,219,vehicle-miles (millions)
West,Montana,12,10/1/2021,urban,213,vehicle-miles (millions)
West,Montana,12,9/1/2022,urban,225,vehicle-miles (millions)
West,Montana,12,9/1/2021,urban,217,vehicle-miles (millions)
West,Nevada,37,10/1/2022,urban,1338,vehicle-miles (millions)
West,Nevada,37,10/1/2021,urban,1337,vehicle-miles (millions)
West,Nevada,37,9/1/2022,urban,1293,vehicle-miles (millions)
West,Nevada,37,9/1/2021,urban,1284,vehicle-miles (millions)
West,New Mexico,11,10/1/2022,urban,795,vehicle-miles (millions)
West,New Mexico,11,10/1/2021,urban,801,vehicle-miles (millions)
West,New Mexico,11,9/1/2022,urban,751,vehicle-miles (millions)
West,New Mexico,11,9/1/2021,urban,748,vehicle-miles (millions)
West,Oregon,37,10/1/2022,urban,1476,vehicle-miles (millions)
West,Oregon,37,10/1/2021,urban,1469,vehicle-miles (millions)
West,Oregon,37,9/1/2022,urban,1483,vehicle-miles (millions)
West,Oregon,37,9/1/2021,urban,1467,vehicle-miles (millions)
West,Utah,75,10/1/2022,urban,1589,vehicle-miles (millions)
West,Utah,75,10/1/2021,urban,1559,vehicle-miles (millions)
West,Utah,75,9/1/2022,urban,1548,vehicle-miles (millions)
West,Utah,75,9/1/2021,urban,1531,vehicle-miles (millions)
West,Washington,87,10/1/2022,urban,2986,vehicle-miles (millions)
West,Washington,87,10/1/2021,urban,2999,vehicle-miles (millions)
West,Washington,87,9/1/2022,urban,3092,vehicle-miles (millions)
West,Washington,87,9/1/2021,urban,3067,vehicle-miles (millions)
West,Wyoming,26,10/1/2022,urban,156,vehicle-miles (millions)
West,Wyoming,26,10/1/2021,urban,158,vehicle-miles (millions)
West,Wyoming,26,9/1/2022,urban,164,vehicle-miles (millions)
West,Wyoming,26,9/1/2021,urban,169,vehicle-miles (millions)
