Region,State,Num_of_Stations,Data_Date,Road_Type,Milage,Units
Northeast,Connecticut,2,9/1/2022,rural,156,vehicle-miles (millions)
Northeast,Connecticut,2,9/1/2021,rural,162,vehicle-miles (millions)
Northeast,Connecticut,2,8/1/2022,rural,177,vehicle-miles (millions)
Northeast,Connecticut,2,8/1/2021,rural,178,vehicle-miles (millions)
Northeast,Maine,70,9/1/2022,rural,553,vehicle-miles (millions)
Northeast,Maine,70,9/1/2021,rural,552,vehicle-miles (millions)
Northeast,Maine,70,8/1/2022,rural,621,vehicle-miles (millions)
Northeast,Maine,70,8/1/2021,rural,622,vehicle-miles (millions)
Northeast,Massachusetts,16,9/1/2022,rural,154,vehicle-miles (millions)
Northeast,Massachusetts,16,9/1/2021,rural,155,vehicle-miles (millions)
Northeast,Massachusetts,16,8/1/2022,rural,175,vehicle-miles (millions)
Northeast,Massachusetts,16,8/1/2021,rural,175,vehicle-miles (millions)
Northeast,New Hampshire,75,9/1/2022,rural,321,vehicle-miles (millions)
Northeast,New Hampshire,75,9/1/2021,rural,323,vehicle-miles (millions)
Northeast,New Hampshire,75,8/1/2022,rural,358,vehicle-miles (millions)
Northeast,New Hampshire,75,8/1/2021,rural,359,vehicle-miles (millions)
Northeast,New Jersey,4,9/1/2022,rural,264,vehicle-miles (millions)
Northeast,New Jersey,4,9/1/2021,rural,266,vehicle-miles (millions)
Northeast,New Jersey,4,8/1/2022,rural,284,vehicle-miles (millions)
Northeast,New Jersey,4,8/1/2021,rural,281,vehicle-miles (millions)
Northeast,New York,42,9/1/2022,rural,1198,vehicle-miles (millions)
Northeast,New York,42,9/1/2021,rural,1210,vehicle-miles (millions)
Northeast,New York,42,8/1/2022,rural,1381,vehicle-miles (millions)
Northeast,New York,42,8/1/2021,rural,1388,vehicle-miles (millions)
Northeast,Pennsylvania,37,9/1/2022,rural,2038,vehicle-miles (millions)
Northeast,Pennsylvania,37,9/1/2021,rural,2052,vehicle-miles (millions)
Northeast,Pennsylvania,37,8/1/2022,rural,2218,vehicle-miles (millions)
Northeast,Pennsylvania,37,8/1/2021,rural,2264,vehicle-miles (millions)
Northeast,Rhode Island,5,9/1/2022,rural,69,vehicle-miles (millions)
Northeast,Rhode Island,5,9/1/2021,rural,69,vehicle-miles (millions)
Northeast,Rhode Island,5,8/1/2022,rural,74,vehicle-miles (millions)
Northeast,Rhode Island,5,8/1/2021,rural,78,vehicle-miles (millions)
Northeast,Vermont,22,9/1/2022,rural,254,vehicle-miles (millions)
Northeast,Vermont,22,9/1/2021,rural,251,vehicle-miles (millions)
Northeast,Vermont,22,8/1/2022,rural,281,vehicle-miles (millions)
Northeast,Vermont,22,8/1/2021,rural,269,vehicle-miles (millions)
South Atlantic,Delaware,4,9/1/2022,rural,108,vehicle-miles (millions)
South Atlantic,Delaware,4,9/1/2021,rural,109,vehicle-miles (millions)
South Atlantic,Delaware,4,8/1/2022,rural,108,vehicle-miles (millions)
South Atlantic,Delaware,4,8/1/2021,rural,108,vehicle-miles (millions)
South Atlantic,District of Columbia,0,9/1/2022,rural,0,vehicle-miles (millions)
South Atlantic,District of Columbia,0,9/1/2021,rural,0,vehicle-miles (millions)
South Atlantic,District of Columbia,0,8/1/2022,rural,0,vehicle-miles (millions)
South Atlantic,District of Columbia,0,8/1/2021,rural,0,vehicle-miles (millions)
South Atlantic,Florida,92,9/1/2022,rural,2253,vehicle-miles (millions)
South Atlantic,Florida,92,9/1/2021,rural,2179,vehicle-miles (millions)
South Atlantic,Florida,92,8/1/2022,rural,2338,vehicle-miles (millions)
South Atlantic,Florida,92,8/1/2021,rural,2265,vehicle-miles (millions)
South Atlantic,Georgia,61,9/1/2022,rural,1774,vehicle-miles (millions)
South Atlantic,Georgia,61,9/1/2021,rural,1737,vehicle-miles (millions)
South Atlantic,Georgia,61,8/1/2022,rural,1797,vehicle-miles (millions)
South Atlantic,Georgia,61,8/1/2021,rural,1775,vehicle-miles (millions)
South Atlantic,Maryland,5,9/1/2022,rural,547,vehicle-miles (millions)
South Atlantic,Maryland,5,9/1/2021,rural,550,vehicle-miles (millions)
South Atlantic,Maryland,5,8/1/2022,rural,601,vehicle-miles (millions)
South Atlantic,Maryland,5,8/1/2021,rural,600,vehicle-miles (millions)
South Atlantic,North Carolina,43,9/1/2022,rural,1878,vehicle-miles (millions)
South Atlantic,North Carolina,43,9/1/2021,rural,1887,vehicle-miles (millions)
South Atlantic,North Carolina,43,8/1/2022,rural,1976,vehicle-miles (millions)
South Atlantic,North Carolina,43,8/1/2021,rural,1988,vehicle-miles (millions)
South Atlantic,South Carolina,57,9/1/2022,rural,1539,vehicle-miles (millions)
South Atlantic,South Carolina,57,9/1/2021,rural,1511,vehicle-miles (millions)
South Atlantic,South Carolina,57,8/1/2022,rural,1626,vehicle-miles (millions)
South Atlantic,South Carolina,57,8/1/2021,rural,1596,vehicle-miles (millions)
South Atlantic,Virginia,325,9/1/2022,rural,1900,vehicle-miles (millions)
South Atlantic,Virginia,325,9/1/2021,rural,1880,vehicle-miles (millions)
South Atlantic,Virginia,325,8/1/2022,rural,1985,vehicle-miles (millions)
South Atlantic,Virginia,325,8/1/2021,rural,2017,vehicle-miles (millions)
South Atlantic,West Virginia,17,9/1/2022,rural,483,vehicle-miles (millions)
South Atlantic,West Virginia,17,9/1/2021,rural,485,vehicle-miles (millions)
South Atlantic,West Virginia,17,8/1/2022,rural,489,vehicle-miles (millions)
South Atlantic,West Virginia,17,8/1/2021,rural,511,vehicle-miles (millions)
North Central,Illinois,34,9/1/2022,rural,1512,vehicle-miles (millions)
North Central,Illinois,34,9/1/2021,rural,1510,vehicle-miles (millions)
North Central,Illinois,34,8/1/2022,rural,1497,vehicle-miles (millions)
North Central,Illinois,34,8/1/2021,rural,1503,vehicle-miles (millions)
North Central,Indiana,22,9/1/2022,rural,1517,vehicle-miles (millions)
North Central,Indiana,22,9/1/2021,rural,1518,vehicle-miles (millions)
North Central,Indiana,22,8/1/2022,rural,1603,vehicle-miles (millions)
North Central,Indiana,22,8/1/2021,rural,1642,vehicle-miles (millions)
North Central,Iowa,77,9/1/2022,rural,1251,vehicle-miles (millions)
North Central,Iowa,77,9/1/2021,rural,1252,vehicle-miles (millions)
North Central,Iowa,77,8/1/2022,rural,1290,vehicle-miles (millions)
North Central,Iowa,77,8/1/2021,rural,1311,vehicle-miles (millions)
North Central,Kansas,64,9/1/2022,rural,917,vehicle-miles (millions)
North Central,Kansas,64,9/1/2021,rural,952,vehicle-miles (millions)
North Central,Kansas,64,8/1/2022,rural,967,vehicle-miles (millions)
North Central,Kansas,64,8/1/2021,rural,953,vehicle-miles (millions)
North Central,Michigan,59,9/1/2022,rural,1754,vehicle-miles (millions)
North Central,Michigan,59,9/1/2021,rural,1756,vehicle-miles (millions)
North Central,Michigan,59,8/1/2022,rural,1836,vehicle-miles (millions)
North Central,Michigan,59,8/1/2021,rural,1898,vehicle-miles (millions)
North Central,Minnesota,28,9/1/2022,rural,1598,vehicle-miles (millions)
North Central,Minnesota,28,9/1/2021,rural,1542,vehicle-miles (millions)
North Central,Minnesota,28,8/1/2022,rural,1612,vehicle-miles (millions)
North Central,Minnesota,28,8/1/2021,rural,1580,vehicle-miles (millions)
North Central,Missouri,84,9/1/2022,rural,1718,vehicle-miles (millions)
North Central,Missouri,84,9/1/2021,rural,1706,vehicle-miles (millions)
North Central,Missouri,84,8/1/2022,rural,1770,vehicle-miles (millions)
North Central,Missouri,84,8/1/2021,rural,1775,vehicle-miles (millions)
North Central,Nebraska,9,9/1/2022,rural,776,vehicle-miles (millions)
North Central,Nebraska,9,9/1/2021,rural,807,vehicle-miles (millions)
North Central,Nebraska,9,8/1/2022,rural,810,vehicle-miles (millions)
North Central,Nebraska,9,8/1/2021,rural,855,vehicle-miles (millions)
North Central,North Dakota,51,9/1/2022,rural,388,vehicle-miles (millions)
North Central,North Dakota,51,9/1/2021,rural,377,vehicle-miles (millions)
North Central,North Dakota,51,8/1/2022,rural,407,vehicle-miles (millions)
North Central,North Dakota,51,8/1/2021,rural,403,vehicle-miles (millions)
North Central,Ohio,54,9/1/2022,rural,1699,vehicle-miles (millions)
North Central,Ohio,54,9/1/2021,rural,1688,vehicle-miles (millions)
North Central,Ohio,54,8/1/2022,rural,1784,vehicle-miles (millions)
North Central,Ohio,54,8/1/2021,rural,1791,vehicle-miles (millions)
North Central,South Dakota,32,9/1/2022,rural,521,vehicle-miles (millions)
North Central,South Dakota,32,9/1/2021,rural,540,vehicle-miles (millions)
North Central,South Dakota,32,8/1/2022,rural,566,vehicle-miles (millions)
North Central,South Dakota,32,8/1/2021,rural,595,vehicle-miles (millions)
North Central,Wisconsin,121,9/1/2022,rural,1647,vehicle-miles (millions)
North Central,Wisconsin,121,9/1/2021,rural,1649,vehicle-miles (millions)
North Central,Wisconsin,121,8/1/2022,rural,1773,vehicle-miles (millions)
North Central,Wisconsin,121,8/1/2021,rural,1782,vehicle-miles (millions)
South Gulf,Alabama,71,9/1/2022,rural,1499,vehicle-miles (millions)
South Gulf,Alabama,71,9/1/2021,rural,1482,vehicle-miles (millions)
South Gulf,Alabama,71,8/1/2022,rural,1491,vehicle-miles (millions)
South Gulf,Alabama,71,8/1/2021,rural,1473,vehicle-miles (millions)
South Gulf,Arkansas,10,9/1/2022,rural,913,vehicle-miles (millions)
South Gulf,Arkansas,10,9/1/2021,rural,919,vehicle-miles (millions)
South Gulf,Arkansas,10,8/1/2022,rural,906,vehicle-miles (millions)
South Gulf,Arkansas,10,8/1/2021,rural,926,vehicle-miles (millions)
South Gulf,Kentucky,27,9/1/2022,rural,1575,vehicle-miles (millions)
South Gulf,Kentucky,27,9/1/2021,rural,1535,vehicle-miles (millions)
South Gulf,Kentucky,27,8/1/2022,rural,1602,vehicle-miles (millions)
South Gulf,Kentucky,27,8/1/2021,rural,1595,vehicle-miles (millions)
South Gulf,Louisiana,13,9/1/2022,rural,1057,vehicle-miles (millions)
South Gulf,Louisiana,13,9/1/2021,rural,1130,vehicle-miles (millions)
South Gulf,Louisiana,13,8/1/2022,rural,1053,vehicle-miles (millions)
South Gulf,Louisiana,13,8/1/2021,rural,1077,vehicle-miles (millions)
South Gulf,Mississippi,51,9/1/2022,rural,1224,vehicle-miles (millions)
South Gulf,Mississippi,51,9/1/2021,rural,1253,vehicle-miles (millions)
South Gulf,Mississippi,51,8/1/2022,rural,1231,vehicle-miles (millions)
South Gulf,Mississippi,51,8/1/2021,rural,1256,vehicle-miles (millions)
South Gulf,Oklahoma,39,9/1/2022,rural,1224,vehicle-miles (millions)
South Gulf,Oklahoma,39,9/1/2021,rural,1210,vehicle-miles (millions)
South Gulf,Oklahoma,39,8/1/2022,rural,1221,vehicle-miles (millions)
South Gulf,Oklahoma,39,8/1/2021,rural,1236,vehicle-miles (millions)
South Gulf,Tennessee,40,9/1/2022,rural,1665,vehicle-miles (millions)
South Gulf,Tennessee,40,9/1/2021,rural,1598,vehicle-miles (millions)
South Gulf,Tennessee,40,8/1/2022,rural,1694,vehicle-miles (millions)
South Gulf,Tennessee,40,8/1/2021,rural,1646,vehicle-miles (millions)
South Gulf,Texas,149,9/1/2022,rural,5082,vehicle-miles (millions)
South Gulf,Texas,149,9/1/2021,rural,4970,vehicle-miles (millions)
South Gulf,Texas,149,8/1/2022,rural,5186,vehicle-miles (millions)
South Gulf,Texas,149,8/1/2021,rural,5192,vehicle-miles (millions)
West,Alaska,34,9/1/2022,rural,114,vehicle-miles (millions)
West,Alaska,34,9/1/2021,rural,113,vehicle-miles (millions)
West,Alaska,34,8/1/2022,rural,133,vehicle-miles (millions)
West,Alaska,34,8/1/2021,rural,139,vehicle-miles (millions)
West,Arizona,70,9/1/2022,rural,1208,vehicle-miles (millions)
West,Arizona,70,9/1/2021,rural,1183,vehicle-miles (millions)
West,Arizona,70,8/1/2022,rural,1216,vehicle-miles (millions)
West,Arizona,70,8/1/2021,rural,1195,vehicle-miles (millions)
West,California,39,9/1/2022,rural,3849,vehicle-miles (millions)
West,California,39,9/1/2021,rural,3880,vehicle-miles (millions)
West,California,39,8/1/2022,rural,4078,vehicle-miles (millions)
West,California,39,8/1/2021,rural,4139,vehicle-miles (millions)
West,Colorado,71,9/1/2022,rural,1139,vehicle-miles (millions)
West,Colorado,71,9/1/2021,rural,1138,vehicle-miles (millions)
West,Colorado,71,8/1/2022,rural,1178,vehicle-miles (millions)
West,Colorado,71,8/1/2021,rural,1183,vehicle-miles (millions)
West,Hawaii,13,9/1/2022,rural,68,vehicle-miles (millions)
West,Hawaii,13,9/1/2021,rural,65,vehicle-miles (millions)
West,Hawaii,13,8/1/2022,rural,73,vehicle-miles (millions)
West,Hawaii,13,8/1/2021,rural,71,vehicle-miles (millions)
West,Idaho,116,9/1/2022,rural,645,vehicle-miles (millions)
West,Idaho,116,9/1/2021,rural,640,vehicle-miles (millions)
West,Idaho,116,8/1/2022,rural,682,vehicle-miles (millions)
West,Idaho,116,8/1/2021,rural,691,vehicle-miles (millions)
West,Montana,62,9/1/2022,rural,665,vehicle-miles (millions)
West,Montana,62,9/1/2021,rural,663,vehicle-miles (millions)
West,Montana,62,8/1/2022,rural,747,vehicle-miles (millions)
West,Montana,62,8/1/2021,rural,757,vehicle-miles (millions)
West,Nevada,39,9/1/2022,rural,402,vehicle-miles (millions)
West,Nevada,39,9/1/2021,rural,396,vehicle-miles (millions)
West,Nevada,39,8/1/2022,rural,427,vehicle-miles (millions)
West,Nevada,39,8/1/2021,rural,418,vehicle-miles (millions)
West,New Mexico,9,9/1/2022,rural,883,vehicle-miles (millions)
West,New Mexico,9,9/1/2021,rural,894,vehicle-miles (millions)
West,New Mexico,9,8/1/2022,rural,824,vehicle-miles (millions)
West,New Mexico,9,8/1/2021,rural,911,vehicle-miles (millions)
West,Oregon,88,9/1/2022,rural,924,vehicle-miles (millions)
West,Oregon,88,9/1/2021,rural,920,vehicle-miles (millions)
West,Oregon,88,8/1/2022,rural,999,vehicle-miles (millions)
West,Oregon,88,8/1/2021,rural,1007,vehicle-miles (millions)
West,Utah,37,9/1/2022,rural,627,vehicle-miles (millions)
West,Utah,37,9/1/2021,rural,627,vehicle-miles (millions)
West,Utah,37,8/1/2022,rural,666,vehicle-miles (millions)
West,Utah,37,8/1/2021,rural,670,vehicle-miles (millions)
West,Washington,74,9/1/2022,rural,1079,vehicle-miles (millions)
West,Washington,74,9/1/2021,rural,1047,vehicle-miles (millions)
West,Washington,74,8/1/2022,rural,1157,vehicle-miles (millions)
West,Washington,74,8/1/2021,rural,1133,vehicle-miles (millions)
West,Wyoming,95,9/1/2022,rural,495,vehicle-miles (millions)
West,Wyoming,95,9/1/2021,rural,508,vehicle-miles (millions)
West,Wyoming,95,8/1/2022,rural,535,vehicle-miles (millions)
West,Wyoming,95,8/1/2021,rural,579,vehicle-miles (millions)
Northeast,Connecticut,16,9/1/2022,urban,2157,vehicle-miles (millions)
Northeast,Connecticut,16,9/1/2021,urban,2206,vehicle-miles (millions)
Northeast,Connecticut,16,8/1/2022,urban,2284,vehicle-miles (millions)
Northeast,Connecticut,16,8/1/2021,urban,2252,vehicle-miles (millions)
Northeast,Maine,22,9/1/2022,urban,268,vehicle-miles (millions)
Northeast,Maine,22,9/1/2021,urban,265,vehicle-miles (millions)
Northeast,Maine,22,8/1/2022,urban,290,vehicle-miles (millions)
Northeast,Maine,22,8/1/2021,urban,289,vehicle-miles (millions)
Northeast,Massachusetts,203,9/1/2022,urban,3932,vehicle-miles (millions)
Northeast,Massachusetts,203,9/1/2021,urban,3955,vehicle-miles (millions)
Northeast,Massachusetts,203,8/1/2022,urban,4130,vehicle-miles (millions)
Northeast,Massachusetts,203,8/1/2021,urban,4075,vehicle-miles (millions)
Northeast,New Hampshire,68,9/1/2022,urban,549,vehicle-miles (millions)
Northeast,New Hampshire,68,9/1/2021,urban,551,vehicle-miles (millions)
Northeast,New Hampshire,68,8/1/2022,urban,612,vehicle-miles (millions)
Northeast,New Hampshire,68,8/1/2021,urban,609,vehicle-miles (millions)
Northeast,New Jersey,57,9/1/2022,urban,4773,vehicle-miles (millions)
Northeast,New Jersey,57,9/1/2021,urban,4773,vehicle-miles (millions)
Northeast,New Jersey,57,8/1/2022,urban,5218,vehicle-miles (millions)
Northeast,New Jersey,57,8/1/2021,urban,5043,vehicle-miles (millions)
Northeast,New York,57,9/1/2022,urban,5918,vehicle-miles (millions)
Northeast,New York,57,9/1/2021,urban,5919,vehicle-miles (millions)
Northeast,New York,57,8/1/2022,urban,6118,vehicle-miles (millions)
Northeast,New York,57,8/1/2021,urban,6080,vehicle-miles (millions)
Northeast,Pennsylvania,32,9/1/2022,urban,4089,vehicle-miles (millions)
Northeast,Pennsylvania,32,9/1/2021,urban,4094,vehicle-miles (millions)
Northeast,Pennsylvania,32,8/1/2022,urban,4310,vehicle-miles (millions)
Northeast,Pennsylvania,32,8/1/2021,urban,4348,vehicle-miles (millions)
Northeast,Rhode Island,26,9/1/2022,urban,574,vehicle-miles (millions)
Northeast,Rhode Island,26,9/1/2021,urban,545,vehicle-miles (millions)
Northeast,Rhode Island,26,8/1/2022,urban,563,vehicle-miles (millions)
Northeast,Rhode Island,26,8/1/2021,urban,517,vehicle-miles (millions)
Northeast,Vermont,15,9/1/2022,urban,118,vehicle-miles (millions)
Northeast,Vermont,15,9/1/2021,urban,120,vehicle-miles (millions)
Northeast,Vermont,15,8/1/2022,urban,126,vehicle-miles (millions)
Northeast,Vermont,15,8/1/2021,urban,128,vehicle-miles (millions)
South Atlantic,Delaware,13,9/1/2022,urban,421,vehicle-miles (millions)
South Atlantic,Delaware,13,9/1/2021,urban,435,vehicle-miles (millions)
South Atlantic,Delaware,13,8/1/2022,urban,433,vehicle-miles (millions)
South Atlantic,Delaware,13,8/1/2021,urban,431,vehicle-miles (millions)
South Atlantic,District of Columbia,0,9/1/2022,urban,194,vehicle-miles (millions)
South Atlantic,District of Columbia,0,9/1/2021,urban,193,vehicle-miles (millions)
South Atlantic,District of Columbia,0,8/1/2022,urban,191,vehicle-miles (millions)
South Atlantic,District of Columbia,0,8/1/2021,urban,201,vehicle-miles (millions)
South Atlantic,Florida,139,9/1/2022,urban,10361,vehicle-miles (millions)
South Atlantic,Florida,139,9/1/2021,urban,10490,vehicle-miles (millions)
South Atlantic,Florida,139,8/1/2022,urban,11163,vehicle-miles (millions)
South Atlantic,Florida,139,8/1/2021,urban,10678,vehicle-miles (millions)
South Atlantic,Georgia,115,9/1/2022,urban,5702,vehicle-miles (millions)
South Atlantic,Georgia,115,9/1/2021,urban,5594,vehicle-miles (millions)
South Atlantic,Georgia,115,8/1/2022,urban,5912,vehicle-miles (millions)
South Atlantic,Georgia,115,8/1/2021,urban,5748,vehicle-miles (millions)
South Atlantic,Maryland,36,9/1/2022,urban,3249,vehicle-miles (millions)
South Atlantic,Maryland,36,9/1/2021,urban,3220,vehicle-miles (millions)
South Atlantic,Maryland,36,8/1/2022,urban,3322,vehicle-miles (millions)
South Atlantic,Maryland,36,8/1/2021,urban,3310,vehicle-miles (millions)
South Atlantic,North Carolina,45,9/1/2022,urban,4701,vehicle-miles (millions)
South Atlantic,North Carolina,45,9/1/2021,urban,4760,vehicle-miles (millions)
South Atlantic,North Carolina,45,8/1/2022,urban,4824,vehicle-miles (millions)
South Atlantic,North Carolina,45,8/1/2021,urban,4828,vehicle-miles (millions)
South Atlantic,South Carolina,46,9/1/2022,urban,2140,vehicle-miles (millions)
South Atlantic,South Carolina,46,9/1/2021,urban,2147,vehicle-miles (millions)
South Atlantic,South Carolina,46,8/1/2022,urban,2276,vehicle-miles (millions)
South Atlantic,South Carolina,46,8/1/2021,urban,2224,vehicle-miles (millions)
South Atlantic,Virginia,360,9/1/2022,urban,3860,vehicle-miles (millions)
South Atlantic,Virginia,360,9/1/2021,urban,3822,vehicle-miles (millions)
South Atlantic,Virginia,360,8/1/2022,urban,4020,vehicle-miles (millions)
South Atlantic,Virginia,360,8/1/2021,urban,3969,vehicle-miles (millions)
South Atlantic,West Virginia,9,9/1/2022,urban,587,vehicle-miles (millions)
South Atlantic,West Virginia,9,9/1/2021,urban,587,vehicle-miles (millions)
South Atlantic,West Virginia,9,8/1/2022,urban,598,vehicle-miles (millions)
South Atlantic,West Virginia,9,8/1/2021,urban,612,vehicle-miles (millions)
North Central,Illinois,52,9/1/2022,urban,4878,vehicle-miles (millions)
North Central,Illinois,52,9/1/2021,urban,4790,vehicle-miles (millions)
North Central,Illinois,52,8/1/2022,urban,5120,vehicle-miles (millions)
North Central,Illinois,52,8/1/2021,urban,5089,vehicle-miles (millions)
North Central,Indiana,34,9/1/2022,urban,2704,vehicle-miles (millions)
North Central,Indiana,34,9/1/2021,urban,2733,vehicle-miles (millions)
North Central,Indiana,34,8/1/2022,urban,2775,vehicle-miles (millions)
North Central,Indiana,34,8/1/2021,urban,2789,vehicle-miles (millions)
North Central,Iowa,32,9/1/2022,urban,917,vehicle-miles (millions)
North Central,Iowa,32,9/1/2021,urban,914,vehicle-miles (millions)
North Central,Iowa,32,8/1/2022,urban,952,vehicle-miles (millions)
North Central,Iowa,32,8/1/2021,urban,956,vehicle-miles (millions)
North Central,Kansas,18,9/1/2022,urban,929,vehicle-miles (millions)
North Central,Kansas,18,9/1/2021,urban,924,vehicle-miles (millions)
North Central,Kansas,18,8/1/2022,urban,952,vehicle-miles (millions)
North Central,Kansas,18,8/1/2021,urban,955,vehicle-miles (millions)
North Central,Michigan,45,9/1/2022,urban,4770,vehicle-miles (millions)
North Central,Michigan,45,9/1/2021,urban,4753,vehicle-miles (millions)
North Central,Michigan,45,8/1/2022,urban,5015,vehicle-miles (millions)
North Central,Michigan,45,8/1/2021,urban,4989,vehicle-miles (millions)
North Central,Minnesota,16,9/1/2022,urban,2155,vehicle-miles (millions)
North Central,Minnesota,16,9/1/2021,urban,2149,vehicle-miles (millions)
North Central,Minnesota,16,8/1/2022,urban,2179,vehicle-miles (millions)
North Central,Minnesota,16,8/1/2021,urban,2249,vehicle-miles (millions)
North Central,Missouri,63,9/1/2022,urban,2779,vehicle-miles (millions)
North Central,Missouri,63,9/1/2021,urban,2754,vehicle-miles (millions)
North Central,Missouri,63,8/1/2022,urban,2869,vehicle-miles (millions)
North Central,Missouri,63,8/1/2021,urban,2830,vehicle-miles (millions)
North Central,Nebraska,12,9/1/2022,urban,639,vehicle-miles (millions)
North Central,Nebraska,12,9/1/2021,urban,643,vehicle-miles (millions)
North Central,Nebraska,12,8/1/2022,urban,648,vehicle-miles (millions)
North Central,Nebraska,12,8/1/2021,urban,655,vehicle-miles (millions)
North Central,North Dakota,9,9/1/2022,urban,183,vehicle-miles (millions)
North Central,North Dakota,9,9/1/2021,urban,189,vehicle-miles (millions)
North Central,North Dakota,9,8/1/2022,urban,182,vehicle-miles (millions)
North Central,North Dakota,9,8/1/2021,urban,187,vehicle-miles (millions)
North Central,Ohio,94,9/1/2022,urban,4931,vehicle-miles (millions)
North Central,Ohio,94,9/1/2021,urban,4870,vehicle-miles (millions)
North Central,Ohio,94,8/1/2022,urban,5133,vehicle-miles (millions)
North Central,Ohio,94,8/1/2021,urban,5065,vehicle-miles (millions)
North Central,South Dakota,3,9/1/2022,urban,236,vehicle-miles (millions)
North Central,South Dakota,3,9/1/2021,urban,244,vehicle-miles (millions)
North Central,South Dakota,3,8/1/2022,urban,234,vehicle-miles (millions)
North Central,South Dakota,3,8/1/2021,urban,248,vehicle-miles (millions)
North Central,Wisconsin,134,9/1/2022,urban,2297,vehicle-miles (millions)
North Central,Wisconsin,134,9/1/2021,urban,2297,vehicle-miles (millions)
North Central,Wisconsin,134,8/1/2022,urban,2440,vehicle-miles (millions)
North Central,Wisconsin,134,8/1/2021,urban,2410,vehicle-miles (millions)
South Gulf,Alabama,117,9/1/2022,urban,2293,vehicle-miles (millions)
South Gulf,Alabama,117,9/1/2021,urban,2286,vehicle-miles (millions)
South Gulf,Alabama,117,8/1/2022,urban,2342,vehicle-miles (millions)
South Gulf,Alabama,117,8/1/2021,urban,2340,vehicle-miles (millions)
South Gulf,Arkansas,2,9/1/2022,urban,1221,vehicle-miles (millions)
South Gulf,Arkansas,2,9/1/2021,urban,1238,vehicle-miles (millions)
South Gulf,Arkansas,2,8/1/2022,urban,1237,vehicle-miles (millions)
South Gulf,Arkansas,2,8/1/2021,urban,1271,vehicle-miles (millions)
South Gulf,Kentucky,21,9/1/2022,urban,1635,vehicle-miles (millions)
South Gulf,Kentucky,21,9/1/2021,urban,1573,vehicle-miles (millions)
South Gulf,Kentucky,21,8/1/2022,urban,1642,vehicle-miles (millions)
South Gulf,Kentucky,21,8/1/2021,urban,1613,vehicle-miles (millions)
South Gulf,Louisiana,11,9/1/2022,urban,2079,vehicle-miles (millions)
South Gulf,Louisiana,11,9/1/2021,urban,1993,vehicle-miles (millions)
South Gulf,Louisiana,11,8/1/2022,urban,2096,vehicle-miles (millions)
South Gulf,Louisiana,11,8/1/2021,urban,2040,vehicle-miles (millions)
South Gulf,Mississippi,29,9/1/2022,urban,1091,vehicle-miles (millions)
South Gulf,Mississippi,29,9/1/2021,urban,1088,vehicle-miles (millions)
South Gulf,Mississippi,29,8/1/2022,urban,1120,vehicle-miles (millions)
South Gulf,Mississippi,29,8/1/2021,urban,1129,vehicle-miles (millions)
South Gulf,Oklahoma,33,9/1/2022,urban,1610,vehicle-miles (millions)
South Gulf,Oklahoma,33,9/1/2021,urban,1609,vehicle-miles (millions)
South Gulf,Oklahoma,33,8/1/2022,urban,1625,vehicle-miles (millions)
South Gulf,Oklahoma,33,8/1/2021,urban,1630,vehicle-miles (millions)
South Gulf,Tennessee,31,9/1/2022,urban,3559,vehicle-miles (millions)
South Gulf,Tennessee,31,9/1/2021,urban,3455,vehicle-miles (millions)
South Gulf,Tennessee,31,8/1/2022,urban,3649,vehicle-miles (millions)
South Gulf,Tennessee,31,8/1/2021,urban,3528,vehicle-miles (millions)
South Gulf,Texas,82,9/1/2022,urban,14363,vehicle-miles (millions)
South Gulf,Texas,82,9/1/2021,urban,13977,vehicle-miles (millions)
South Gulf,Texas,82,8/1/2022,urban,14477,vehicle-miles (millions)
South Gulf,Texas,82,8/1/2021,urban,14184,vehicle-miles (millions)
West,Alaska,47,9/1/2022,urban,194,vehicle-miles (millions)
West,Alaska,47,9/1/2021,urban,193,vehicle-miles (millions)
West,Alaska,47,8/1/2022,urban,207,vehicle-miles (millions)
West,Alaska,47,8/1/2021,urban,211,vehicle-miles (millions)
West,Arizona,100,9/1/2022,urban,3534,vehicle-miles (millions)
West,Arizona,100,9/1/2021,urban,3468,vehicle-miles (millions)
West,Arizona,100,8/1/2022,urban,3562,vehicle-miles (millions)
West,Arizona,100,8/1/2021,urban,3453,vehicle-miles (millions)
West,California,72,9/1/2022,urban,20443,vehicle-miles (millions)
West,California,72,9/1/2021,urban,20184,vehicle-miles (millions)
West,California,72,8/1/2022,urban,20513,vehicle-miles (millions)
West,California,72,8/1/2021,urban,20431,vehicle-miles (millions)
West,Colorado,39,9/1/2022,urban,2746,vehicle-miles (millions)
West,Colorado,39,9/1/2021,urban,2713,vehicle-miles (millions)
West,Colorado,39,8/1/2022,urban,2878,vehicle-miles (millions)
West,Colorado,39,8/1/2021,urban,2871,vehicle-miles (millions)
West,Hawaii,48,9/1/2022,urban,468,vehicle-miles (millions)
West,Hawaii,48,9/1/2021,urban,441,vehicle-miles (millions)
West,Hawaii,48,8/1/2022,urban,481,vehicle-miles (millions)
West,Hawaii,48,8/1/2021,urban,461,vehicle-miles (millions)
West,Idaho,73,9/1/2022,urban,542,vehicle-miles (millions)
West,Idaho,73,9/1/2021,urban,525,vehicle-miles (millions)
West,Idaho,73,8/1/2022,urban,569,vehicle-miles (millions)
West,Idaho,73,8/1/2021,urban,550,vehicle-miles (millions)
West,Montana,14,9/1/2022,urban,225,vehicle-miles (millions)
West,Montana,14,9/1/2021,urban,217,vehicle-miles (millions)
West,Montana,14,8/1/2022,urban,237,vehicle-miles (millions)
West,Montana,14,8/1/2021,urban,230,vehicle-miles (millions)
West,Nevada,36,9/1/2022,urban,1293,vehicle-miles (millions)
West,Nevada,36,9/1/2021,urban,1284,vehicle-miles (millions)
West,Nevada,36,8/1/2022,urban,1360,vehicle-miles (millions)
West,Nevada,36,8/1/2021,urban,1328,vehicle-miles (millions)
West,New Mexico,8,9/1/2022,urban,751,vehicle-miles (millions)
West,New Mexico,8,9/1/2021,urban,748,vehicle-miles (millions)
West,New Mexico,8,8/1/2022,urban,747,vehicle-miles (millions)
West,New Mexico,8,8/1/2021,urban,770,vehicle-miles (millions)
West,Oregon,40,9/1/2022,urban,1483,vehicle-miles (millions)
West,Oregon,40,9/1/2021,urban,1467,vehicle-miles (millions)
West,Oregon,40,8/1/2022,urban,1568,vehicle-miles (millions)
West,Oregon,40,8/1/2021,urban,1564,vehicle-miles (millions)
West,Utah,76,9/1/2022,urban,1548,vehicle-miles (millions)
West,Utah,76,9/1/2021,urban,1531,vehicle-miles (millions)
West,Utah,76,8/1/2022,urban,1607,vehicle-miles (millions)
West,Utah,76,8/1/2021,urban,1566,vehicle-miles (millions)
West,Washington,90,9/1/2022,urban,3092,vehicle-miles (millions)
West,Washington,90,9/1/2021,urban,3067,vehicle-miles (millions)
West,Washington,90,8/1/2022,urban,3421,vehicle-miles (millions)
West,Washington,90,8/1/2021,urban,3354,vehicle-miles (millions)
West,Wyoming,27,9/1/2022,urban,164,vehicle-miles (millions)
West,Wyoming,27,9/1/2021,urban,169,vehicle-miles (millions)
West,Wyoming,27,8/1/2022,urban,177,vehicle-miles (millions)
West,Wyoming,27,8/1/2021,urban,180,vehicle-miles (millions)
